Date,Open,High,Low,Close,Adj Close,Volume
5/23/2023,173.130005,173.380005,171.279999,171.559998,171.559998,50747300
5/22/2023,173.979996,174.710007,173.449997,174.199997,174.199997,43570900
5/19/2023,176.389999,176.389999,174.940002,175.160004,175.160004,55772400
5/18/2023,173,175.240005,172.580002,175.050003,175.050003,65496700
5/17/2023,171.710007,172.929993,170.419998,172.690002,172.690002,57951600
5/16/2023,171.990005,173.139999,171.800003,172.070007,172.070007,42110300
5/15/2023,173.160004,173.210007,171.470001,172.070007,172.070007,37266700
5/12/2023,173.619995,174.059998,171,172.570007,172.570007,45497800
5/11/2023,173.850006,174.589996,172.169998,173.75,173.51001,49514700
5/10/2023,173.020004,174.029999,171.899994,173.559998,173.320267,53724500
5/9/2023,173.050003,173.539993,171.600006,171.770004,171.532745,45326900
5/8/2023,172.479996,173.850006,172.110001,173.5,173.260345,55962800
5/5/2023,170.979996,174.300003,170.759995,173.570007,173.330261,113316400
5/4/2023,164.889999,167.039993,164.309998,165.789993,165.560989,81235400
5/3/2023,169.5,170.919998,167.160004,167.449997,167.218704,65136000
5/2/2023,170.089996,170.350006,167.539993,168.539993,168.30719,48425700
5/1/2023,169.279999,170.449997,168.639999,169.589996,169.355743,52472900
4/28/2023,168.490005,169.850006,167.880005,169.679993,169.445618,55209200
4/27/2023,165.190002,168.559998,165.190002,168.410004,168.177383,64902300
4/26/2023,163.059998,165.279999,162.800003,163.759995,163.533798,45498800
4/25/2023,165.190002,166.309998,163.729996,163.770004,163.543793,48714100
4/24/2023,165,165.600006,163.889999,165.330002,165.101639,41949600
4/21/2023,165.050003,166.449997,164.490005,165.020004,164.792068,58337300
4/20/2023,166.089996,167.869995,165.559998,166.649994,166.4198,52456400
4/19/2023,165.800003,168.160004,165.539993,167.630005,167.398468,47720200
4/18/2023,166.100006,167.410004,165.649994,166.470001,166.240067,49923000
4/17/2023,165.089996,165.389999,164.029999,165.229996,165.00177,41516200
4/14/2023,164.589996,166.320007,163.820007,165.210007,164.981812,49386500
4/13/2023,161.630005,165.800003,161.419998,165.559998,165.331314,68445600
4/12/2023,161.220001,162.059998,159.779999,160.100006,159.87886,50133100
4/11/2023,162.350006,162.360001,160.509995,160.800003,160.577896,47644200
4/10/2023,161.419998,162.029999,160.080002,162.029999,161.806183,47716900
4/6/2023,162.429993,164.960007,162,164.660004,164.432556,45390100
4/5/2023,164.740005,165.050003,161.800003,163.759995,163.533798,51511700
4/4/2023,166.600006,166.839996,165.110001,165.630005,165.40123,46278300
4/3/2023,164.270004,166.289993,164.220001,166.169998,165.940475,56976200
3/31/2023,162.440002,165,161.910004,164.899994,164.672226,68749800
3/30/2023,161.529999,162.470001,161.270004,162.360001,162.135742,49501700
3/29/2023,159.369995,161.050003,159.350006,160.770004,160.547943,51305700
3/28/2023,157.970001,158.490005,155.979996,157.649994,157.432236,45992200
3/27/2023,159.940002,160.770004,157.869995,158.279999,158.061371,52390300
3/24/2023,158.860001,160.339996,157.850006,160.25,160.028656,59196500
3/23/2023,158.830002,161.550003,157.679993,158.929993,158.710464,67622100
3/22/2023,159.300003,162.139999,157.809998,157.830002,157.612,75701800
3/21/2023,157.320007,159.399994,156.539993,159.279999,159.059982,73938300
3/20/2023,155.070007,157.820007,154.149994,157.399994,157.182587,73641400
3/17/2023,156.080002,156.740005,154.279999,155,154.785904,98944600
3/16/2023,152.160004,156.460007,151.639999,155.850006,155.634735,76161100
3/15/2023,151.190002,153.25,149.919998,152.990005,152.778687,77167900
3/14/2023,151.279999,153.399994,150.100006,152.589996,152.379227,73695900
3/13/2023,147.809998,153.139999,147.699997,150.470001,150.262161,84457100
3/10/2023,150.210007,150.940002,147.610001,148.5,148.294876,68572400
3/9/2023,153.559998,154.539993,150.229996,150.589996,150.381989,53833600
3/8/2023,152.809998,153.470001,151.830002,152.869995,152.658844,47204800
3/7/2023,153.699997,154.029999,151.130005,151.600006,151.39061,56182000
3/6/2023,153.789993,156.300003,153.460007,153.830002,153.617523,87558000
3/3/2023,148.039993,151.110001,147.330002,151.029999,150.821381,70732300
3/2/2023,144.380005,146.710007,143.899994,145.910004,145.708466,52238100
3/1/2023,146.830002,147.229996,145.009995,145.309998,145.109283,55479000
2/28/2023,147.050003,149.080002,146.830002,147.410004,147.20639,50547000
2/27/2023,147.710007,149.169998,147.449997,147.919998,147.715683,44998500
2/24/2023,147.110001,147.190002,145.720001,146.710007,146.507355,55469600
2/23/2023,150.089996,150.339996,147.240005,149.399994,149.193634,48394200
2/22/2023,148.869995,149.949997,147.160004,148.910004,148.704315,51011300
2/21/2023,150.199997,151.300003,148.410004,148.479996,148.274902,58867200
2/17/2023,152.350006,153,150.850006,152.550003,152.339294,59144100
2/16/2023,153.509995,156.330002,153.350006,153.710007,153.497696,68167900
2/15/2023,153.110001,155.5,152.880005,155.330002,155.115448,65573800
2/14/2023,152.119995,153.770004,150.860001,153.199997,152.988388,61707600
2/13/2023,150.949997,154.259995,150.919998,153.850006,153.637497,62199000
2/10/2023,149.460007,151.339996,149.220001,151.009995,150.801407,57450700
2/9/2023,153.779999,154.330002,150.419998,150.869995,150.431915,56007100
2/8/2023,153.880005,154.580002,151.169998,151.919998,151.478882,64120100
2/7/2023,150.639999,155.229996,150.639999,154.649994,154.200943,83322600
2/6/2023,152.570007,153.100006,150.779999,151.729996,151.289429,69858300
2/3/2023,148.029999,157.380005,147.830002,154.5,154.051376,154357300
2/2/2023,148.899994,151.179993,148.169998,150.820007,150.382065,118339000
2/1/2023,143.970001,146.610001,141.320007,145.429993,145.007706,77663600
1/31/2023,142.699997,144.339996,142.279999,144.289993,143.871017,65874500
1/30/2023,144.960007,145.550003,142.850006,143,142.584778,64015300
1/27/2023,143.160004,147.229996,143.080002,145.929993,145.506256,70555800
1/26/2023,143.169998,144.25,141.899994,143.960007,143.541992,54105100
1/25/2023,140.889999,142.429993,138.809998,141.860001,141.448074,65799300
1/24/2023,140.309998,143.160004,140.300003,142.529999,142.116135,66435100
1/23/2023,138.119995,143.320007,137.899994,141.110001,140.700256,81760300
1/20/2023,135.279999,138.020004,134.220001,137.869995,137.469666,80223600
1/19/2023,134.080002,136.25,133.770004,135.270004,134.877228,58280400
1/18/2023,136.820007,138.610001,135.029999,135.210007,134.817398,69672800
1/17/2023,134.830002,137.289993,134.130005,135.940002,135.545273,63646600
1/13/2023,132.029999,134.919998,131.660004,134.759995,134.368698,57809700
1/12/2023,133.880005,134.259995,131.440002,133.410004,133.022614,71379600
1/11/2023,131.25,133.509995,130.460007,133.490005,133.102386,69458900
1/10/2023,130.259995,131.259995,128.119995,130.729996,130.350403,63896200
1/9/2023,130.470001,133.410004,129.889999,130.149994,129.772079,70790800
1/6/2023,126.010002,130.289993,124.889999,129.619995,129.243622,87754700
1/5/2023,127.129997,127.769997,124.760002,125.019997,124.656982,80962700
1/4/2023,126.889999,128.660004,125.080002,126.360001,125.993095,89113600
1/3/2023,130.279999,130.899994,124.169998,125.07,124.706833,112117500
12/30/2022,128.410004,129.949997,127.43,129.929993,129.552719,77034200
12/29/2022,127.989998,130.479996,127.730003,129.610001,129.233658,75703700
12/28/2022,129.669998,131.029999,125.870003,126.040001,125.674019,85438400
12/27/2022,131.380005,131.410004,128.720001,130.029999,129.652435,69007800
12/23/2022,130.919998,132.419998,129.639999,131.860001,131.477127,63814900
12/22/2022,134.350006,134.559998,130.300003,132.229996,131.846039,77852100
12/21/2022,132.979996,136.809998,132.75,135.449997,135.056702,85928000
12/20/2022,131.389999,133.25,129.889999,132.300003,131.915848,77432800
12/19/2022,135.110001,135.199997,131.320007,132.369995,131.985626,79592600
12/16/2022,136.690002,137.649994,133.729996,134.509995,134.119431,160156900
12/15/2022,141.110001,141.800003,136.029999,136.5,136.103653,98931900
12/14/2022,145.350006,146.660004,141.160004,143.210007,142.794174,82291200
12/13/2022,149.5,149.970001,144.240005,145.470001,145.047607,93886200
12/12/2022,142.699997,144.5,141.059998,144.490005,144.07045,70462700
12/9/2022,142.339996,145.570007,140.899994,142.160004,141.747208,76097000
12/8/2022,142.360001,143.520004,141.100006,142.649994,142.235794,62128300
12/7/2022,142.190002,143.369995,140,140.940002,140.530762,69721100
12/6/2022,147.070007,147.300003,141.919998,142.910004,142.495041,64727200
12/5/2022,147.770004,150.919998,145.770004,146.630005,146.204239,68826400
12/2/2022,145.960007,148,145.649994,147.809998,147.380814,65447400
12/1/2022,148.210007,149.130005,146.610001,148.309998,147.879349,71250400
11/30/2022,141.399994,148.720001,140.550003,148.029999,147.600174,111380900
11/29/2022,144.289993,144.809998,140.350006,141.169998,140.760086,83763800
11/28/2022,145.139999,146.639999,143.380005,144.220001,143.801239,69246000
11/25/2022,148.309998,148.880005,147.119995,148.110001,147.679947,35195900
11/23/2022,149.449997,151.830002,149.339996,151.070007,150.631348,58301400
11/22/2022,148.130005,150.419998,146.929993,150.179993,149.743912,51804100
11/21/2022,150.160004,150.369995,147.720001,148.009995,147.580231,58724100
11/18/2022,152.309998,152.699997,149.970001,151.289993,150.850693,74829600
11/17/2022,146.429993,151.479996,146.149994,150.720001,150.282349,80389400
11/16/2022,149.130005,149.869995,147.289993,148.789993,148.357956,64218300
11/15/2022,152.220001,153.589996,148.559998,150.039993,149.604324,89868300
11/14/2022,148.970001,150.279999,147.429993,148.279999,147.849442,73374100
11/11/2022,145.820007,150.009995,144.369995,149.699997,149.26532,93979700
11/10/2022,141.240005,146.869995,139.5,146.869995,146.443527,118854000
11/9/2022,138.5,138.550003,134.589996,134.869995,134.478378,74917800
11/8/2022,140.410004,141.429993,137.490005,139.5,139.09494,89908500
11/7/2022,137.110001,139.149994,135.669998,138.919998,138.516617,83374600
11/4/2022,142.089996,142.669998,134.380005,138.380005,137.978195,140814800
11/3/2022,142.059998,142.800003,138.75,138.880005,138.247421,97918500
11/2/2022,148.949997,152.169998,145,145.029999,144.369385,93604600
11/1/2022,155.080002,155.449997,149.130005,150.649994,149.963776,80379300
10/31/2022,153.160004,154.240005,151.919998,153.339996,152.641525,97943200
10/28/2022,148.199997,157.5,147.820007,155.740005,155.030609,164762400
10/27/2022,148.070007,149.050003,144.130005,144.800003,144.140442,109180200
10/26/2022,150.960007,151.990005,148.039993,149.350006,148.669724,88194300
10/25/2022,150.089996,152.490005,149.360001,152.339996,151.646088,74732300
10/24/2022,147.190002,150.229996,146,149.449997,148.769257,75981900
10/21/2022,142.869995,147.850006,142.649994,147.270004,146.599197,86548600
10/20/2022,143.020004,145.889999,142.649994,143.389999,142.736847,64522000
10/19/2022,141.690002,144.949997,141.5,143.860001,143.204727,61758300
10/18/2022,145.490005,146.699997,140.610001,143.75,143.09523,99136600
10/17/2022,141.070007,142.899994,140.270004,142.410004,141.761337,85250900
10/14/2022,144.309998,144.520004,138.190002,138.380005,137.74968,88598000
10/13/2022,134.990005,143.589996,134.369995,142.990005,142.338684,113224000
10/12/2022,139.130005,140.360001,138.160004,138.339996,137.709854,70433700
10/11/2022,139.899994,141.350006,138.220001,138.979996,138.346954,77033700
10/10/2022,140.419998,141.889999,138.570007,140.419998,139.78038,74899000
10/7/2022,142.539993,143.100006,139.449997,140.089996,139.451889,85925600
10/6/2022,145.809998,147.539993,145.220001,145.429993,144.767563,68402200
10/5/2022,144.070007,147.380005,143.009995,146.399994,145.733139,79471000
10/4/2022,145.029999,146.220001,144.259995,146.100006,145.434509,87830100
10/3/2022,138.210007,143.070007,137.690002,142.449997,141.801132,114311700
9/30/2022,141.279999,143.100006,138,138.199997,137.57048,124925300
9/29/2022,146.100006,146.720001,140.679993,142.479996,141.831009,128138200
9/28/2022,147.639999,150.639999,144.839996,149.839996,149.157471,146691400
9/27/2022,152.740005,154.720001,149.949997,151.759995,151.068741,84442700
9/26/2022,149.660004,153.770004,149.639999,150.770004,150.083237,93339400
9/23/2022,151.190002,151.470001,148.559998,150.429993,149.744781,96029900
9/22/2022,152.380005,154.470001,150.910004,152.740005,152.044266,86652500
9/21/2022,157.339996,158.740005,153.600006,153.720001,153.019806,101696800
9/20/2022,153.399994,158.080002,153.080002,156.899994,156.185318,107689800
9/19/2022,149.309998,154.559998,149.100006,154.479996,153.776337,81474200
9/16/2022,151.210007,151.350006,148.369995,150.699997,150.013565,162278800
9/15/2022,154.649994,155.240005,151.380005,152.369995,151.675949,90481100
9/14/2022,154.789993,157.100006,153.610001,155.309998,154.602554,87965400
9/13/2022,159.899994,160.539993,153.369995,153.839996,153.139252,122656600
9/12/2022,159.589996,164.259995,159.300003,163.429993,162.685562,104956000
9/9/2022,155.470001,157.820007,154.75,157.369995,156.653183,68028800
9/8/2022,154.639999,156.360001,152.679993,154.460007,153.756454,84923800
9/7/2022,154.820007,156.669998,153.610001,155.960007,155.249603,87449600
9/6/2022,156.470001,157.089996,153.690002,154.529999,153.826126,73714800
9/2/2022,159.75,160.360001,154.970001,155.809998,155.100281,76957800
9/1/2022,156.639999,158.419998,154.669998,157.960007,157.240509,74229900
8/31/2022,160.309998,160.580002,157.139999,157.220001,156.50386,87991100
8/30/2022,162.130005,162.559998,157.720001,158.910004,158.186172,77906200
8/29/2022,161.149994,162.899994,159.820007,161.380005,160.644928,73314000
8/26/2022,170.570007,171.050003,163.559998,163.619995,162.874695,78961000
8/25/2022,168.779999,170.139999,168.350006,170.029999,169.255524,51218200
8/24/2022,167.320007,168.110001,166.25,167.529999,166.766907,53841500
8/23/2022,167.080002,168.710007,166.649994,167.229996,166.468277,54147100
8/22/2022,169.690002,169.860001,167.139999,167.570007,166.806732,69026800
8/19/2022,173.029999,173.740005,171.309998,171.520004,170.738724,70346300
8/18/2022,173.75,174.899994,173.119995,174.149994,173.356735,62290100
8/17/2022,172.770004,176.149994,172.570007,174.550003,173.754929,79542000
8/16/2022,172.779999,173.710007,171.660004,173.029999,172.241852,56377100
8/15/2022,171.520004,173.389999,171.350006,173.190002,172.401123,54091700
8/12/2022,169.820007,172.169998,169.399994,172.100006,171.316101,68039400
8/11/2022,170.059998,170.990005,168.190002,168.490005,167.722534,57149200
8/10/2022,167.679993,169.339996,166.899994,169.240005,168.469131,70170500
8/9/2022,164.020004,165.820007,163.25,164.919998,164.168793,63135500
8/8/2022,166.369995,167.809998,164.199997,164.869995,164.119019,60276900
8/5/2022,163.210007,165.850006,163,165.350006,164.596848,56697000
8/4/2022,166.009995,167.190002,164.429993,165.809998,164.82579,55474100
8/3/2022,160.839996,166.589996,160.75,166.130005,165.14389,82507500
8/2/2022,160.100006,162.410004,159.630005,160.009995,159.060196,59907000
8/1/2022,161.009995,163.589996,160.889999,161.509995,160.5513,67829400
7/29/2022,161.240005,163.630005,159.5,162.509995,161.545364,101786900
7/28/2022,156.979996,157.639999,154.410004,157.350006,156.416016,81378700
7/27/2022,152.580002,157.330002,152.160004,156.789993,155.859314,78620700
7/26/2022,152.259995,153.089996,150.800003,151.600006,150.700134,55138700
7/25/2022,154.009995,155.039993,152.279999,152.949997,152.04213,53623900
7/22/2022,155.389999,156.279999,153.410004,154.089996,153.175354,66675400
7/21/2022,154.5,155.570007,151.940002,155.350006,154.427887,65086600
7/20/2022,151.119995,153.720001,150.369995,153.039993,152.131577,64823400
7/19/2022,147.919998,151.229996,146.910004,151,150.103699,82982400
7/18/2022,150.740005,151.570007,146.699997,147.070007,146.197037,81420900
7/15/2022,149.779999,150.860001,148.199997,150.169998,149.27861,76259900
7/14/2022,144.080002,148.949997,143.25,148.470001,147.58873,78140700
7/13/2022,142.990005,146.449997,142.119995,145.490005,144.626404,71185600
7/12/2022,145.759995,148.449997,145.050003,145.860001,144.994186,77588800
7/11/2022,145.669998,146.639999,143.779999,144.869995,144.010086,63141600
7/8/2022,145.259995,147.550003,145,147.039993,146.167191,64547800
7/7/2022,143.289993,146.550003,143.279999,146.350006,145.481308,66253700
7/6/2022,141.350006,144.119995,141.080002,142.919998,142.071655,74064300
7/5/2022,137.770004,141.610001,136.929993,141.559998,140.719727,73353800
7/1/2022,136.039993,139.039993,135.660004,138.929993,138.105331,71051600
6/30/2022,137.25,138.369995,133.770004,136.720001,135.908463,98964500
6/29/2022,137.460007,140.669998,136.669998,139.229996,138.403564,66242400
6/28/2022,142.130005,143.419998,137.320007,137.440002,136.624191,67083400
6/27/2022,142.699997,143.490005,140.970001,141.660004,140.819138,70207900
6/24/2022,139.899994,141.910004,139.770004,141.660004,140.819138,89116800
6/23/2022,136.820007,138.589996,135.630005,138.270004,137.449249,72433800
6/22/2022,134.789993,137.759995,133.910004,135.350006,134.5466,73409200
6/21/2022,133.419998,137.059998,133.320007,135.869995,135.063492,81000500
6/17/2022,130.070007,133.080002,129.809998,131.559998,130.779083,134520300
6/16/2022,132.080002,132.389999,129.039993,130.059998,129.287979,108123900
6/15/2022,134.289993,137.339996,132.160004,135.429993,134.626114,91533000
6/14/2022,133.130005,133.889999,131.479996,132.759995,131.97197,84784300
6/13/2022,132.869995,135.199997,131.440002,131.880005,131.097183,122207100
6/10/2022,140.279999,140.759995,137.059998,137.130005,136.31604,91437900
6/9/2022,147.080002,147.949997,142.529999,142.639999,141.793335,69473000
6/8/2022,148.580002,149.869995,147.460007,147.960007,147.081757,53950200
6/7/2022,144.350006,149,144.100006,148.710007,147.827301,67808200
6/6/2022,147.029999,148.570007,144.899994,146.139999,145.272552,71598400
6/3/2022,146.899994,147.970001,144.460007,145.380005,144.517059,88570300
6/2/2022,147.830002,151.270004,146.860001,151.210007,150.312454,72348100
6/1/2022,149.899994,151.740005,147.679993,148.710007,147.827301,74286600
5/31/2022,149.070007,150.660004,146.839996,148.839996,147.956512,103718400
5/27/2022,145.389999,149.679993,145.259995,149.639999,148.751755,90978500
5/26/2022,137.389999,144.339996,137.139999,143.779999,142.926544,90601500
5/25/2022,138.429993,141.789993,138.339996,140.520004,139.685913,92482700
5/24/2022,140.809998,141.970001,137.330002,140.360001,139.526871,104132700
5/23/2022,137.789993,143.259995,137.649994,143.110001,142.260544,117726300
5/20/2022,139.089996,140.699997,132.610001,137.589996,136.7733,137426100
5/19/2022,139.880005,141.660004,136.600006,137.350006,136.534729,136095600
5/18/2022,146.850006,147.360001,139.899994,140.820007,139.984131,109742900
5/17/2022,148.860001,149.770004,146.679993,149.240005,148.354141,78336300
5/16/2022,145.550003,147.520004,144.179993,145.539993,144.676086,86643800
5/13/2022,144.589996,148.100006,143.110001,147.110001,146.236786,113990900
5/12/2022,142.770004,146.199997,138.800003,142.559998,141.713791,182602000
5/11/2022,153.5,155.449997,145.809998,146.5,145.630417,142689800
5/10/2022,155.520004,156.740005,152.929993,154.509995,153.59285,115366700
5/9/2022,154.929993,155.830002,151.490005,152.059998,151.15741,131577900
5/6/2022,156.009995,159.440002,154.179993,157.279999,156.346436,116124600
5/5/2022,163.850006,164.080002,154.949997,156.770004,155.610825,130525300
5/4/2022,159.669998,166.479996,159.259995,166.020004,164.792419,108256500
5/3/2022,158.149994,160.710007,156.320007,159.479996,158.300781,88966500
5/2/2022,156.710007,158.229996,153.270004,157.960007,156.792023,123055300
4/29/2022,161.839996,166.199997,157.25,157.649994,156.484283,131747600
4/28/2022,159.25,164.520004,158.929993,163.639999,162.430008,130216800
4/27/2022,155.910004,159.789993,155.380005,156.570007,155.412308,88063200
4/26/2022,162.25,162.339996,156.720001,156.800003,155.640594,95623200
4/25/2022,161.119995,163.169998,158.460007,162.880005,161.675629,96046400
4/22/2022,166.460007,167.869995,161.5,161.789993,160.593689,84882400
4/21/2022,168.910004,171.529999,165.910004,166.419998,165.189468,87227800
4/20/2022,168.759995,168.880005,166.100006,167.229996,165.993469,67929800
4/19/2022,165.020004,167.820007,163.910004,167.399994,166.162201,67723800
4/18/2022,163.919998,166.600006,163.570007,165.070007,163.849457,69023900
4/14/2022,170.619995,171.270004,165.039993,165.289993,164.06781,75329400
4/13/2022,167.389999,171.039993,166.770004,170.399994,169.140015,70618900
4/12/2022,168.020004,169.869995,166.639999,167.660004,166.420288,79265200
4/11/2022,168.710007,169.029999,165.5,165.75,164.524399,72246700
4/8/2022,171.779999,171.779999,169.199997,170.089996,168.832306,76575500
4/7/2022,171.160004,173.360001,169.850006,172.139999,170.867157,77594700
4/6/2022,172.360001,173.630005,170.130005,171.830002,170.559433,89058800
4/5/2022,177.5,178.300003,174.419998,175.059998,173.765579,73401800
4/4/2022,174.570007,178.490005,174.440002,178.440002,177.12059,76468400
4/1/2022,174.029999,174.880005,171.940002,174.309998,173.021118,78751300
3/31/2022,177.839996,178.029999,174.399994,174.610001,173.318893,103049300
3/30/2022,178.550003,179.610001,176.699997,177.770004,176.455536,92633200
3/29/2022,176.690002,179.009995,176.339996,178.960007,177.636749,100589400
3/28/2022,172.169998,175.729996,172,175.600006,174.30159,90371900
3/25/2022,173.880005,175.279999,172.75,174.720001,173.428085,80546200
3/24/2022,171.059998,174.139999,170.210007,174.070007,172.782898,90131400
3/23/2022,167.990005,172.639999,167.649994,170.210007,168.951431,98062700
3/22/2022,165.509995,169.419998,164.910004,168.820007,167.571716,81532000
3/21/2022,163.509995,166.350006,163.009995,165.380005,164.15715,95811400
3/18/2022,160.509995,164.479996,159.759995,163.979996,162.767502,123511700
3/17/2022,158.610001,161,157.630005,160.619995,159.432343,75615400
3/16/2022,157.050003,160,154.460007,159.589996,158.409958,102300200
3/15/2022,150.899994,155.570007,150.380005,155.089996,153.943222,92964300
3/14/2022,151.449997,154.119995,150.100006,150.619995,149.506271,108732100
3/11/2022,158.929993,159.279999,154.5,154.729996,153.585892,96970100
3/10/2022,160.199997,160.389999,155.979996,158.520004,157.347885,105342000
3/9/2022,161.479996,163.410004,159.410004,162.949997,161.745117,91454900
3/8/2022,158.820007,162.880005,155.800003,157.440002,156.275848,131148300
3/7/2022,163.360001,165.020004,159.039993,159.300003,158.122116,96418800
3/4/2022,164.490005,165.550003,162.100006,163.169998,161.96347,83737200
3/3/2022,168.470001,168.910004,165.550003,166.229996,165.00087,76678400
3/2/2022,164.389999,167.360001,162.949997,166.559998,165.328415,79724800
3/1/2022,164.699997,166.600006,161.970001,163.199997,161.993271,83474400
2/28/2022,163.059998,165.419998,162.429993,165.119995,163.899063,95056600
2/25/2022,163.839996,165.119995,160.869995,164.850006,163.631073,91974200
2/24/2022,152.580002,162.850006,152,162.740005,161.536682,141147500
2/23/2022,165.539993,166.149994,159.75,160.070007,158.886414,90009200
2/22/2022,164.979996,166.690002,162.149994,164.320007,163.104996,91162800
2/18/2022,169.820007,170.539993,166.190002,167.300003,166.062958,82772700
2/17/2022,171.029999,171.910004,168.470001,168.880005,167.631271,69589300
2/16/2022,171.850006,173.339996,170.050003,172.550003,171.274139,61177400
2/15/2022,170.970001,172.949997,170.25,172.789993,171.512344,62527400
2/14/2022,167.369995,169.580002,166.559998,168.880005,167.631271,86185500
2/11/2022,172.330002,173.080002,168.039993,168.639999,167.393036,98670700
2/10/2022,174.139999,175.479996,171.550003,172.119995,170.847305,90865900
2/9/2022,176.050003,176.649994,174.899994,176.279999,174.976532,71285000
2/8/2022,171.729996,175.350006,171.429993,174.830002,173.537262,74829200
2/7/2022,172.860001,173.949997,170.949997,171.660004,170.390717,77251200
2/4/2022,171.679993,174.100006,170.679993,172.389999,171.115326,82465400
2/3/2022,174.479996,176.240005,172.119995,172.899994,171.403137,89418100
2/2/2022,174.75,175.880005,173.330002,175.839996,174.317703,84914300
2/1/2022,174.009995,174.839996,172.309998,174.610001,173.098358,86213900
1/31/2022,170.160004,175,169.509995,174.779999,173.266891,115541600
1/28/2022,165.710007,170.350006,162.800003,170.330002,168.855408,179935700
1/27/2022,162.449997,163.839996,158.279999,159.220001,157.841614,121954600
1/26/2022,163.5,164.389999,157.820007,159.690002,158.30751,108275300
1/25/2022,158.979996,162.759995,157.020004,159.779999,158.396729,115798400
1/24/2022,160.020004,162.300003,154.699997,161.619995,160.22081,162294600
1/21/2022,164.419998,166.330002,162.300003,162.410004,161.003983,122848900
1/20/2022,166.979996,169.679993,164.179993,164.509995,163.0858,91420500
1/19/2022,170,171.080002,165.940002,166.229996,164.790909,94815000
1/18/2022,171.509995,172.539993,169.410004,169.800003,168.330002,90956700
1/14/2022,171.339996,173.779999,171.089996,173.070007,171.571701,80440800
1/13/2022,175.779999,176.619995,171.789993,172.190002,170.699326,84505800
1/12/2022,176.119995,177.179993,174.820007,175.529999,174.010406,74805200
1/11/2022,172.320007,175.179993,170.820007,175.080002,173.564316,76138300
1/10/2022,169.080002,172.5,168.169998,172.190002,170.699326,106765600
1/7/2022,172.889999,174.139999,171.029999,172.169998,170.67952,86709100
1/6/2022,172.699997,175.300003,171.639999,172,170.510956,96904000
1/5/2022,179.610001,180.169998,174.639999,174.919998,173.40567,94537600
1/4/2022,182.630005,182.940002,179.119995,179.699997,178.144302,99310400
1/3/2022,177.830002,182.880005,177.710007,182.009995,180.434296,104487900
12/31/2021,178.089996,179.229996,177.259995,177.570007,176.03273,64062300
12/30/2021,179.470001,180.570007,178.089996,178.199997,176.657288,59773000
12/29/2021,179.330002,180.630005,178.139999,179.380005,177.827057,62348900
12/28/2021,180.160004,181.330002,178.529999,179.289993,177.737823,79144300
12/27/2021,177.089996,180.419998,177.070007,180.330002,178.768829,74919600
12/23/2021,175.850006,176.850006,175.270004,176.279999,174.753891,68356600
12/22/2021,173.039993,175.860001,172.149994,175.639999,174.119446,92135300
12/21/2021,171.559998,173.199997,169.119995,172.990005,171.492401,91185900
12/20/2021,168.279999,170.580002,167.460007,169.75,168.280441,107499100
12/17/2021,169.929993,173.470001,169.690002,171.139999,169.658401,195432700
12/16/2021,179.279999,181.139999,170.75,172.259995,170.768707,150185800
12/15/2021,175.110001,179.5,172.309998,179.300003,177.747757,131063300
12/14/2021,175.25,177.740005,172.210007,174.330002,172.820786,139380400
12/13/2021,181.119995,182.130005,175.529999,175.740005,174.218582,153237000
12/10/2021,175.210007,179.630005,174.690002,179.449997,177.896469,115402700
12/9/2021,174.910004,176.75,173.919998,174.559998,173.048782,108923700
12/8/2021,172.130005,175.960007,170.699997,175.080002,173.564316,116998900
12/7/2021,169.080002,171.580002,168.339996,171.179993,169.698059,120405400
12/6/2021,164.289993,167.880005,164.279999,165.320007,163.888794,107497000
12/3/2021,164.020004,164.960007,159.720001,161.839996,160.438934,118023100
12/2/2021,158.740005,164.199997,157.800003,163.759995,162.3423,136739200
12/1/2021,167.479996,170.300003,164.529999,164.770004,163.343567,152052500
11/30/2021,159.990005,165.520004,159.919998,165.300003,163.868958,174048100
11/29/2021,159.369995,161.190002,158.789993,160.240005,158.852783,88748200
11/26/2021,159.570007,160.449997,156.360001,156.809998,155.452454,76959800
11/24/2021,160.75,162.139999,159.639999,161.940002,160.538086,69463600
11/23/2021,161.119995,161.800003,159.059998,161.410004,160.012619,96041900
11/22/2021,161.679993,165.699997,161,161.020004,159.626038,117467900
11/19/2021,157.649994,161.020004,156.529999,160.550003,159.16011,117305600
11/18/2021,153.710007,158.669998,153.050003,157.869995,156.503265,137827700
11/17/2021,151,155,150.990005,153.490005,152.161209,88807000
11/16/2021,149.940002,151.490005,149.339996,151,149.692764,59256200
11/15/2021,150.369995,151.880005,149.429993,150,148.701447,59222800
11/12/2021,148.429993,150.399994,147.479996,149.990005,148.691544,63804000
11/11/2021,148.960007,149.429993,147.679993,147.869995,146.589859,41000000
11/10/2021,150.020004,150.130005,147.850006,147.919998,146.639404,65187100
11/9/2021,150.199997,151.429993,150.059998,150.809998,149.50441,56787900
11/8/2021,151.410004,151.570007,150.160004,150.440002,149.137604,55020900
11/5/2021,151.889999,152.199997,150.059998,151.279999,149.970337,65463900
11/4/2021,151.580002,152.429993,150.639999,150.960007,149.435028,60394600
11/3/2021,150.389999,151.970001,149.820007,151.490005,149.959686,54511500
11/2/2021,148.660004,151.570007,148.649994,150.020004,148.504517,69122000
11/1/2021,148.990005,149.699997,147.800003,148.960007,147.455215,74588300
10/29/2021,147.220001,149.940002,146.410004,149.800003,148.286728,124953200
10/28/2021,149.820007,153.169998,149.720001,152.570007,151.028763,100077900
10/27/2021,149.360001,149.729996,148.490005,148.850006,147.346344,56094900
10/26/2021,149.330002,150.839996,149.009995,149.320007,147.8116,60893400
10/25/2021,148.679993,149.369995,147.619995,148.639999,147.138443,50720600
10/22/2021,149.690002,150.179993,148.639999,148.690002,147.187927,58883400
10/21/2021,148.809998,149.639999,147.869995,149.479996,147.969971,61421000
10/20/2021,148.699997,149.75,148.119995,149.259995,147.752197,58418800
10/19/2021,147.009995,149.169998,146.550003,148.759995,147.257217,76378900
10/18/2021,143.449997,146.839996,143.160004,146.550003,145.06955,85589200
10/15/2021,143.770004,144.899994,143.509995,144.839996,143.376831,67940300
10/14/2021,142.110001,143.880005,141.509995,143.759995,142.307755,69907100
10/13/2021,141.240005,141.399994,139.199997,140.910004,139.486526,78762700
10/12/2021,143.229996,143.25,141.039993,141.509995,140.080475,73035900
10/11/2021,142.270004,144.809998,141.809998,142.809998,141.367325,64452200
10/8/2021,144.029999,144.179993,142.559998,142.899994,141.456406,58773200
10/7/2021,143.059998,144.220001,142.720001,143.289993,141.842499,61732700
10/6/2021,139.470001,142.149994,138.369995,142,140.565536,83221100
10/5/2021,139.490005,142.240005,139.360001,141.110001,139.684525,80861100
10/4/2021,141.759995,142.210007,138.270004,139.139999,137.734421,98322000
10/1/2021,141.899994,142.919998,139.110001,142.649994,141.208939,94639600
9/30/2021,143.660004,144.380005,141.279999,141.5,140.070587,89056700
9/29/2021,142.470001,144.449997,142.029999,142.830002,141.387146,74602000
9/28/2021,143.25,144.75,141.690002,141.910004,140.476456,108972300
9/27/2021,145.470001,145.960007,143.820007,145.369995,143.901474,74150700
9/24/2021,145.660004,147.470001,145.559998,146.919998,145.435822,53477900
9/23/2021,146.649994,147.080002,145.639999,146.830002,145.346756,64838200
9/22/2021,144.449997,146.429993,143.699997,145.850006,144.376648,76404300
9/21/2021,143.929993,144.600006,142.779999,143.429993,141.981079,75834000
9/20/2021,143.800003,144.839996,141.270004,142.940002,141.496033,123478900
9/17/2021,148.820007,148.820007,145.759995,146.059998,144.584518,129868800
9/16/2021,148.440002,148.970001,147.220001,148.789993,147.286911,68034100
9/15/2021,148.559998,149.440002,146.369995,149.029999,147.524521,83281300
9/14/2021,150.350006,151.070007,146.910004,148.119995,146.623703,109296300
9/13/2021,150.630005,151.419998,148.75,149.550003,148.039261,102404300
9/10/2021,155,155.479996,148.699997,148.970001,147.465103,140893200
9/9/2021,155.490005,156.110001,153.949997,154.070007,152.513611,57305700
9/8/2021,156.979996,157.039993,153.979996,155.110001,153.543091,74420200
9/7/2021,154.970001,157.259995,154.389999,156.690002,155.107117,82278300
9/3/2021,153.759995,154.630005,153.089996,154.300003,152.741287,57808700
9/2/2021,153.869995,154.720001,152.399994,153.649994,152.097824,71115500
9/1/2021,152.830002,154.979996,152.339996,152.509995,150.969345,80313700
8/31/2021,152.660004,152.800003,151.289993,151.830002,150.296234,86453100
8/30/2021,149,153.490005,148.610001,153.119995,151.573196,90956700
8/27/2021,147.479996,148.75,146.830002,148.600006,147.098846,55802400
8/26/2021,148.350006,149.119995,147.509995,147.539993,146.049561,48597200
8/25/2021,149.809998,150.320007,147.800003,148.360001,146.861282,58991300
8/24/2021,149.449997,150.860001,149.149994,149.619995,148.108536,48606400
8/23/2021,148.309998,150.190002,147.889999,149.710007,148.197632,60131800
8/20/2021,147.440002,148.5,146.779999,148.190002,146.692993,60549600
8/19/2021,145.029999,148,144.5,146.699997,145.218048,86960300
8/18/2021,149.800003,150.720001,146.149994,146.360001,144.88147,86326000
8/17/2021,150.229996,151.679993,149.089996,150.190002,148.67276,92229700
8/16/2021,148.539993,151.190002,146.470001,151.119995,149.593384,103296000
8/13/2021,148.970001,149.440002,148.270004,149.100006,147.593796,59375000
8/12/2021,146.190002,149.050003,145.839996,148.889999,147.38591,72282600
8/11/2021,146.050003,146.720001,145.529999,145.860001,144.386536,48493500
8/10/2021,146.440002,147.710007,145.300003,145.600006,144.129166,69023100
8/9/2021,146.199997,146.699997,145.520004,146.089996,144.614197,48908700
8/6/2021,146.350006,147.110001,145.630005,146.139999,144.663696,54126800
8/5/2021,146.979996,147.839996,146.169998,147.059998,145.356644,46397700
8/4/2021,147.270004,147.789993,146.279999,146.949997,145.24791,56368300
8/3/2021,145.809998,148.039993,145.179993,147.360001,145.653137,64786600
8/2/2021,146.360001,146.949997,145.25,145.520004,143.834457,62880000
7/30/2021,144.380005,146.330002,144.110001,145.860001,144.170547,70440600
7/29/2021,144.690002,146.550003,144.580002,145.639999,143.953064,56699500
7/28/2021,144.809998,146.970001,142.539993,144.979996,143.30072,118931200
7/27/2021,149.119995,149.210007,145.550003,146.770004,145.069977,104818600
7/26/2021,148.270004,149.830002,147.699997,148.990005,147.264282,72434100
7/23/2021,147.550003,148.720001,146.919998,148.559998,146.839233,71447400
7/22/2021,145.940002,148.199997,145.809998,146.800003,145.09964,77338200
7/21/2021,145.529999,146.130005,144.630005,145.399994,143.715836,74993500
7/20/2021,143.460007,147.100006,142.960007,146.149994,144.457153,96350000
7/19/2021,143.75,144.070007,141.669998,142.449997,140.800003,121434600
7/16/2021,148.460007,149.759995,145.880005,146.389999,144.694382,93251400
7/15/2021,149.240005,150,147.089996,148.479996,146.760178,106820300
7/14/2021,148.100006,149.570007,147.679993,149.149994,147.422424,127050800
7/13/2021,144.029999,147.460007,143.630005,145.639999,143.953064,100827100
7/12/2021,146.210007,146.320007,144,144.5,142.826294,76299700
7/9/2021,142.75,145.649994,142.649994,145.110001,143.429199,99890800
7/8/2021,141.580002,144.059998,140.669998,143.240005,141.580872,105575500
7/7/2021,143.539993,144.889999,142.660004,144.570007,142.895462,104911600
7/6/2021,140.070007,143.149994,140.070007,142.020004,140.375015,108181800
7/2/2021,137.899994,140,137.75,139.960007,138.338867,78852600
7/1/2021,136.600006,137.330002,135.759995,137.270004,135.680023,52485800
6/30/2021,136.169998,137.410004,135.869995,136.960007,135.373627,63261400
6/29/2021,134.800003,136.490005,134.350006,136.330002,134.750916,64556100
6/28/2021,133.410004,135.25,133.350006,134.779999,133.218887,62111300
6/25/2021,133.460007,133.889999,132.809998,133.110001,131.568192,70783700
6/24/2021,134.449997,134.639999,132.929993,133.410004,131.864731,68711000
6/23/2021,133.770004,134.320007,133.229996,133.699997,132.151382,60214200
6/22/2021,132.130005,134.080002,131.619995,133.979996,132.428131,74783600
6/21/2021,130.300003,132.410004,129.210007,132.300003,130.767593,79663300
6/18/2021,130.710007,131.509995,130.240005,130.460007,128.948914,108953300
6/17/2021,129.800003,132.550003,129.649994,131.789993,130.263489,96721700
6/16/2021,130.369995,130.889999,128.460007,130.149994,128.642487,91815000
6/15/2021,129.940002,130.600006,129.389999,129.639999,128.138412,62746300
6/14/2021,127.82,130.539993,127.07,130.479996,128.968658,96906500
6/11/2021,126.529999,127.440002,126.099998,127.349998,125.874924,53522400
6/10/2021,127.019997,128.190002,125.940002,126.110001,124.649284,71186400
6/9/2021,127.209999,127.75,126.519997,127.129997,125.657478,56877900
6/8/2021,126.599998,128.460007,126.209999,126.739998,125.271996,74403800
6/7/2021,126.169998,126.32,124.830002,125.900002,124.441719,71057600
6/4/2021,124.07,126.160004,123.849998,125.889999,124.431839,75169300
6/3/2021,124.68,124.849998,123.129997,123.540001,122.109055,76229200
6/2/2021,124.279999,125.239998,124.050003,125.059998,123.61145,59278900
6/1/2021,125.080002,125.349998,123.940002,124.279999,122.840485,67637100
5/28/2021,125.57,125.800003,124.550003,124.610001,123.166672,71311100
5/27/2021,126.440002,127.639999,125.080002,125.279999,123.828896,94625600
5/26/2021,126.959999,127.389999,126.419998,126.849998,125.380714,56575900
5/25/2021,127.82,128.320007,126.32,126.900002,125.43013,72009500
5/24/2021,126.010002,127.940002,125.940002,127.099998,125.627815,63092900
5/21/2021,127.82,128,125.209999,125.43,123.977158,79295400
5/20/2021,125.230003,127.720001,125.099998,127.309998,125.835381,76857100
5/19/2021,123.160004,124.919998,122.860001,124.690002,123.245735,92612000
5/18/2021,126.559998,126.989998,124.779999,124.849998,123.403877,63342900
5/17/2021,126.82,126.93,125.169998,126.269997,124.807426,74244600
5/14/2021,126.25,127.889999,125.849998,127.449997,125.973755,81918000
5/13/2021,124.580002,126.150002,124.260002,124.970001,123.522507,105861300
5/12/2021,123.400002,124.639999,122.25,122.769997,121.347977,112172300
5/11/2021,123.5,126.269997,122.769997,125.910004,124.451607,126142800
5/10/2021,129.410004,129.539993,126.809998,126.849998,125.380714,88071200
5/7/2021,130.850006,131.259995,129.479996,130.210007,128.701813,78973300
5/6/2021,127.889999,129.75,127.129997,129.740005,128.019806,78128300
5/5/2021,129.199997,130.449997,127.970001,128.100006,126.40155,84000900
5/4/2021,131.190002,131.490005,126.699997,127.849998,126.154846,137564700
5/3/2021,132.039993,134.070007,131.830002,132.539993,130.782669,75135100
4/30/2021,131.779999,133.559998,131.070007,131.460007,129.716995,109839500
4/29/2021,136.470001,137.070007,132.449997,133.479996,131.710205,151101000
4/28/2021,134.309998,135.020004,133.080002,133.580002,131.808868,107760100
4/27/2021,135.009995,135.410004,134.110001,134.389999,132.608139,66015800
4/26/2021,134.830002,135.059998,133.559998,134.720001,132.933746,66905100
4/23/2021,132.160004,135.119995,132.160004,134.320007,132.539078,78657500
4/22/2021,133.039993,134.149994,131.410004,131.940002,130.190598,84566500
4/21/2021,132.360001,133.75,131.300003,133.5,131.729935,68847100
4/20/2021,135.020004,135.529999,131.809998,133.110001,131.345123,94812300
4/19/2021,133.509995,135.470001,133.339996,134.839996,133.052155,94264200
4/16/2021,134.300003,134.669998,133.279999,134.160004,132.38121,84922400
4/15/2021,133.820007,135,133.639999,134.5,132.71669,89347100
4/14/2021,134.940002,135,131.660004,132.029999,130.279419,87222800
4/13/2021,132.440002,134.660004,131.929993,134.429993,132.647583,91266500
4/12/2021,132.520004,132.850006,130.630005,131.240005,129.499924,91420000
4/9/2021,129.800003,133.039993,129.470001,133,131.236557,106686700
4/8/2021,128.949997,130.389999,128.520004,130.360001,128.631561,88844600
4/7/2021,125.830002,127.919998,125.139999,127.900002,126.204193,83466700
4/6/2021,126.5,127.129997,125.650002,126.209999,124.536591,80171300
4/5/2021,123.870003,126.160004,123.07,125.900002,124.230713,88651200
4/1/2021,123.660004,124.18,122.489998,123,121.369148,75089100
3/31/2021,121.650002,123.519997,121.150002,122.150002,120.530434,118323800
3/30/2021,120.110001,120.400002,118.860001,119.900002,118.310257,85671900
3/29/2021,121.650002,122.580002,120.730003,121.389999,119.780502,80819200
3/26/2021,120.349998,121.480003,118.919998,121.209999,119.602898,94071200
3/25/2021,119.540001,121.660004,119,120.589996,118.991104,98844700
3/24/2021,122.82,122.900002,120.07,120.089996,118.497726,88530500
3/23/2021,123.330002,124.239998,122.139999,122.540001,120.91526,95467100
3/22/2021,120.330002,123.870003,120.260002,123.389999,121.753983,111912300
3/19/2021,119.900002,121.43,119.68,119.989998,118.399063,185549500
3/18/2021,122.879997,123.18,120.32,120.529999,118.931908,121229700
3/17/2021,124.050003,125.860001,122.339996,124.760002,123.10582,111932600
3/16/2021,125.699997,127.220001,124.720001,125.57,123.905075,115227900
3/15/2021,121.410004,124,120.419998,123.989998,122.346024,92403800
3/12/2021,120.400002,121.169998,119.160004,121.029999,119.425285,88105100
3/11/2021,122.540001,123.209999,121.260002,121.959999,120.342941,103026500
3/10/2021,121.690002,122.169998,119.449997,119.980003,118.389206,111943300
3/9/2021,119.029999,122.059998,118.790001,121.089996,119.484482,129525800
3/8/2021,120.93,121,116.209999,116.360001,114.8172,154376600
3/5/2021,120.980003,121.940002,117.57,121.419998,119.810097,153766600
3/4/2021,121.75,123.599998,118.620003,120.129997,118.537193,178155000
3/3/2021,124.809998,125.709999,121.839996,122.059998,120.44162,112966300
3/2/2021,128.410004,128.720001,125.010002,125.120003,123.461052,102260900
3/1/2021,123.75,127.93,122.790001,127.790001,126.095665,116307900
2/26/2021,122.589996,124.849998,121.199997,121.260002,119.652229,164560400
2/25/2021,124.68,126.459999,120.540001,120.989998,119.385803,148199500
2/24/2021,124.940002,125.559998,122.230003,125.349998,123.687988,111039900
2/23/2021,123.760002,126.709999,118.389999,125.860001,124.191238,158273000
2/22/2021,128.009995,129.720001,125.599998,126,124.329384,103916400
2/19/2021,130.240005,130.710007,128.800003,129.869995,128.148071,87668800
2/18/2021,129.199997,130,127.410004,129.710007,127.990189,96856700
2/17/2021,131.25,132.220001,129.470001,130.839996,129.105209,97918500
2/16/2021,135.490005,136.009995,132.789993,133.190002,131.424042,80576300
2/12/2021,134.350006,135.529999,133.690002,135.369995,133.57515,60145100
2/11/2021,135.899994,136.389999,133.770004,135.130005,133.338333,64280000
2/10/2021,136.479996,136.990005,134.399994,135.389999,133.594864,73046600
2/9/2021,136.619995,137.880005,135.850006,136.009995,134.20665,76774200
2/8/2021,136.029999,136.960007,134.919998,136.910004,135.094727,71297200
2/5/2021,137.350006,137.419998,135.860001,136.759995,134.946716,75693800
2/4/2021,136.300003,137.399994,134.589996,137.389999,135.366058,84183100
2/3/2021,135.759995,135.770004,133.610001,133.940002,131.966904,89880900
2/2/2021,135.729996,136.309998,134.610001,134.990005,133.00145,83305400
2/1/2021,133.75,135.380005,130.929993,134.139999,132.163986,106239800
1/29/2021,135.830002,136.740005,130.210007,131.960007,130.016098,177523800
1/28/2021,139.520004,141.990005,136.699997,137.089996,135.070496,142621100
1/27/2021,143.429993,144.300003,140.410004,142.059998,139.96727,140843800
1/26/2021,143.600006,144.300003,141.369995,143.160004,141.051086,98390600
1/25/2021,143.070007,145.089996,136.539993,142.919998,140.814606,157611700
1/22/2021,136.279999,139.850006,135.020004,139.070007,137.021332,114459400
1/21/2021,133.800003,139.669998,133.589996,136.869995,134.853729,120150900
1/20/2021,128.660004,132.490005,128.550003,132.029999,130.085022,104319500
1/19/2021,127.779999,128.710007,126.940002,127.830002,125.946915,90757300
1/15/2021,128.779999,130.220001,127,127.139999,125.267082,111598500
1/14/2021,130.800003,131,128.759995,128.910004,127.011002,90221800
1/13/2021,128.759995,131.449997,128.490005,130.889999,128.961838,88636800
1/12/2021,128.5,129.690002,126.860001,128.800003,126.902634,91951100
1/11/2021,129.190002,130.169998,128.5,128.979996,127.079956,100384500
1/8/2021,132.429993,132.630005,130.229996,132.050003,130.104736,105158200
1/7/2021,128.360001,131.630005,127.860001,130.919998,128.991409,109578200
1/6/2021,127.720001,131.050003,126.379997,126.599998,124.735039,155088000
1/5/2021,128.889999,131.740005,128.429993,131.009995,129.080063,97664900
1/4/2021,133.520004,133.610001,126.760002,129.410004,127.503632,143301900
12/31/2020,134.080002,134.740005,131.720001,132.690002,130.735321,99116600
12/30/2020,135.580002,135.990005,133.399994,133.720001,131.750153,96452100
12/29/2020,138.050003,138.789993,134.339996,134.869995,132.88324,121047300
12/28/2020,133.990005,137.339996,133.509995,136.690002,134.676376,124486200
12/24/2020,131.320007,133.460007,131.100006,131.970001,130.025955,54930100
12/23/2020,132.160004,132.429993,130.779999,130.960007,129.030807,88223700
12/22/2020,131.610001,134.410004,129.649994,131.880005,129.937256,168904800
12/21/2020,125.019997,128.309998,123.449997,128.229996,126.341019,121251600
12/18/2020,128.960007,129.100006,126.120003,126.660004,124.794144,192541500
12/17/2020,128.899994,129.580002,128.039993,128.699997,126.804092,94359800
12/16/2020,127.410004,128.369995,126.559998,127.809998,125.927208,98208600
12/15/2020,124.339996,127.900002,124.129997,127.879997,125.996162,157243700
12/14/2020,122.599998,123.349998,121.540001,121.779999,119.986031,79184500
12/11/2020,122.43,122.760002,120.550003,122.410004,120.606758,86939800
12/10/2020,120.5,123.870003,120.150002,123.239998,121.42453,81312200
12/9/2020,124.529999,125.949997,121,121.779999,119.986031,115089200
12/8/2020,124.370003,124.980003,123.089996,124.379997,122.547729,82225500
12/7/2020,122.309998,124.57,122.25,123.75,121.927017,86712000
12/4/2020,122.599998,122.860001,121.519997,122.25,120.449104,78260400
12/3/2020,123.519997,123.779999,122.209999,122.940002,121.128944,78967600
12/2/2020,122.019997,123.370003,120.889999,123.080002,121.266876,89004200
12/1/2020,121.010002,123.470001,120.010002,122.720001,120.912193,127728200
11/30/2020,116.970001,120.970001,116.809998,119.050003,117.296257,169410200
11/27/2020,116.57,117.489998,116.220001,116.589996,114.872475,46691300
11/25/2020,115.550003,116.75,115.169998,116.029999,114.32074,76499200
11/24/2020,113.910004,115.849998,112.589996,115.169998,113.473404,113874200
11/23/2020,117.18,117.620003,113.75,113.849998,112.172859,127959300
11/20/2020,118.639999,118.769997,117.290001,117.339996,115.611435,73604300
11/19/2020,117.589996,119.059998,116.809998,118.639999,116.892296,74113000
11/18/2020,118.610001,119.82,118,118.029999,116.291275,76322100
11/17/2020,119.550003,120.669998,118.959999,119.389999,117.631248,74271000
11/16/2020,118.919998,120.989998,118.150002,120.300003,118.52784,91183000
11/13/2020,119.440002,119.669998,117.870003,119.260002,117.503143,81581900
11/12/2020,119.620003,120.529999,118.57,119.209999,117.453896,103162300
11/11/2020,117.190002,119.629997,116.440002,119.489998,117.729759,112295000
11/10/2020,115.550003,117.589996,114.129997,115.970001,114.26162,138023400
11/9/2020,120.5,121.989998,116.050003,116.32,114.606468,154515300
11/6/2020,118.32,119.199997,116.129997,118.690002,116.941559,114457900
11/5/2020,117.949997,119.620003,116.870003,119.029999,117.074554,126387100
11/4/2020,114.139999,115.589996,112.349998,114.949997,113.061584,138235500
11/3/2020,109.660004,111.489998,108.730003,110.440002,108.625679,107624400
11/2/2020,109.110001,110.68,107.32,108.769997,106.983109,122866900
10/30/2020,111.059998,111.989998,107.720001,108.860001,107.071655,190272600
10/29/2020,112.370003,116.93,112.199997,115.32,113.425514,146129200
10/28/2020,115.050003,115.43,111.099998,111.199997,109.373192,143937800
10/27/2020,115.489998,117.279999,114.540001,116.599998,114.684486,92276800
10/26/2020,114.010002,116.550003,112.879997,115.050003,113.15995,111850700
10/23/2020,116.389999,116.550003,114.279999,115.040001,113.150108,82572600
10/22/2020,117.449997,118.040001,114.589996,115.75,113.84845,101988000
10/21/2020,116.669998,118.709999,116.449997,116.870003,114.95005,89946000
10/20/2020,116.199997,118.980003,115.629997,117.510002,115.579536,124423700
10/19/2020,119.959999,120.419998,115.660004,115.980003,114.074669,120639300
10/16/2020,121.279999,121.550003,118.809998,119.019997,117.064713,115393800
10/15/2020,118.720001,121.199997,118.150002,120.709999,118.726967,112559200
10/14/2020,121,123.029999,119.620003,121.190002,119.199081,150712000
10/13/2020,125.269997,125.389999,119.650002,121.099998,119.11055,262330500
10/12/2020,120.059998,125.18,119.279999,124.400002,122.356331,240226800
10/9/2020,115.279999,117,114.919998,116.970001,115.048401,100506900
10/8/2020,116.25,116.400002,114.589996,114.970001,113.081261,83477200
10/7/2020,114.620003,115.550003,114.129997,115.080002,113.189461,96849000
10/6/2020,115.699997,116.120003,112.25,113.160004,111.30101,161498200
10/5/2020,113.910004,116.650002,113.550003,116.5,114.586121,106243800
10/2/2020,112.889999,115.370003,112.220001,113.019997,111.163292,144712000
10/1/2020,117.639999,117.720001,115.830002,116.790001,114.871353,116120400
9/30/2020,113.790001,117.260002,113.620003,115.809998,113.907455,142675200
9/29/2020,114.550003,115.309998,113.57,114.089996,112.215714,99382200
9/28/2020,115.010002,115.32,112.779999,114.959999,113.071434,137672400
9/25/2020,108.43,112.440002,107.669998,112.279999,110.435448,149981400
9/24/2020,105.169998,110.25,105,108.220001,106.442154,167743300
9/23/2020,111.620003,112.110001,106.769997,107.120003,105.360222,150718700
9/22/2020,112.68,112.860001,109.160004,111.809998,109.973183,183055400
9/21/2020,104.540001,110.190002,103.099998,110.080002,108.271591,195713800
9/18/2020,110.400002,110.879997,106.089996,106.839996,105.084824,287104900
9/17/2020,109.720001,112.199997,108.709999,110.339996,108.527321,178011000
9/16/2020,115.230003,116,112.040001,112.129997,110.287918,154679000
9/15/2020,118.330002,118.830002,113.610001,115.540001,113.641899,184642000
9/14/2020,114.720001,115.93,112.800003,115.360001,113.464859,140150100
9/11/2020,114.57,115.230003,110,112,110.160049,180860300
9/10/2020,120.360001,120.5,112.5,113.489998,111.625565,182274400
9/9/2020,117.260002,119.139999,115.260002,117.32,115.392647,176940500
9/8/2020,113.949997,118.989998,112.68,112.82,110.966576,231366600
9/4/2020,120.07,123.699997,110.889999,120.959999,118.972862,332607200
9/3/2020,126.910004,128.839996,120.5,120.879997,118.894165,257599600
9/2/2020,137.589996,137.979996,127,131.399994,129.241333,200119000
9/1/2020,132.759995,134.800003,130.529999,134.179993,131.975662,151948100
8/31/2020,127.580002,131,126,129.039993,126.92012,225702700
8/28/2020,126.012497,126.442497,124.577499,124.807503,122.757141,187630000
8/27/2020,127.142502,127.485001,123.832497,125.010002,122.956322,155552400
8/26/2020,126.18,126.9925,125.082497,126.522499,124.443993,163022400
8/25/2020,124.697502,125.18,123.052498,124.824997,122.774353,211495600
8/24/2020,128.697495,128.785004,123.9375,125.857498,123.789909,345937600
8/21/2020,119.262497,124.8675,119.25,124.370003,122.326836,338054800
8/20/2020,115.75,118.392502,115.732498,118.275002,116.331978,126907200
8/19/2020,115.982498,117.162498,115.610001,115.707497,113.806641,145538000
8/18/2020,114.352501,116,114.0075,115.5625,113.664032,105633600
8/17/2020,116.0625,116.087502,113.962502,114.607498,112.724709,119561600
8/14/2020,114.830002,115,113.044998,114.907501,113.019783,165565200
8/13/2020,114.43,116.042503,113.927498,115.010002,113.120613,210082000
8/12/2020,110.497498,113.275002,110.297501,113.010002,111.153465,165598000
8/11/2020,111.970001,112.482498,109.107498,109.375,107.578186,187902400
8/10/2020,112.599998,113.775002,110,112.727501,110.875603,212403600
8/7/2020,113.205002,113.675003,110.292503,111.112503,109.287132,198045600
8/6/2020,110.404999,114.412498,109.797501,113.902496,111.829659,202428800
8/5/2020,109.377502,110.392502,108.897499,110.0625,108.059547,121776800
8/4/2020,109.1325,110.790001,108.387497,109.665001,107.669289,173071600
8/3/2020,108.199997,111.637497,107.892502,108.9375,106.955025,308151200
7/31/2020,102.885002,106.415001,100.824997,106.260002,104.326241,374336800
7/30/2020,94.1875,96.297501,93.767502,96.190002,94.439507,158130000
7/29/2020,93.75,95.230003,93.712502,95.040001,93.31044,90329200
7/28/2020,94.3675,94.550003,93.247498,93.252502,91.555466,103625600
7/27/2020,93.709999,94.904999,93.480003,94.809998,93.084625,121214000
7/24/2020,90.987503,92.970001,89.144997,92.614998,90.929565,185438800
7/23/2020,96.997498,97.077499,92.010002,92.845001,91.15538,197004400
7/22/2020,96.692497,97.974998,96.602501,97.272499,95.502304,89001600
7/21/2020,99.172501,99.25,96.7425,97,95.234764,103433200
7/20/2020,96.417503,98.5,96.0625,98.357498,96.567566,90318000
7/17/2020,96.987503,97.147499,95.839996,96.327499,94.574509,92186800
7/16/2020,96.5625,97.404999,95.904999,96.522499,94.765945,110577600
7/15/2020,98.989998,99.247498,96.489998,97.724998,95.946579,153198000
7/14/2020,94.839996,97.254997,93.877502,97.057503,95.291229,170989200
7/13/2020,97.264999,99.955002,95.2575,95.477501,93.739967,191649200
7/10/2020,95.334999,95.980003,94.705002,95.919998,94.174408,90257200
7/9/2020,96.262497,96.317497,94.672501,95.752502,94.009979,125642800
7/8/2020,94.18,95.375,94.089996,95.342499,93.607422,117092000
7/7/2020,93.852501,94.654999,93.057503,93.172501,91.476913,112424400
7/6/2020,92.5,93.945,92.467499,93.462502,91.761627,118655600
7/2/2020,91.962502,92.6175,90.910004,91.027496,89.370956,114041600
7/1/2020,91.279999,91.839996,90.977501,91.027496,89.370956,110737200
6/30/2020,90.019997,91.495003,90,91.199997,89.540298,140223200
6/29/2020,88.3125,90.542503,87.82,90.445,88.799049,130646000
6/26/2020,91.102501,91.330002,88.254997,88.407501,86.798622,205256800
6/25/2020,90.175003,91.25,89.392502,91.209999,89.550117,137522400
6/24/2020,91.25,92.197502,89.629997,90.014999,88.376884,192623200
6/23/2020,91,93.095001,90.567497,91.6325,89.964951,212155600
6/22/2020,87.834999,89.864998,87.787498,89.717499,88.084785,135445200
6/19/2020,88.660004,89.139999,86.287498,87.43,85.838928,264476000
6/18/2020,87.852501,88.362503,87.305,87.932503,86.332268,96820400
6/17/2020,88.787498,88.849998,87.772499,87.897499,86.297913,114406400
6/16/2020,87.864998,88.300003,86.18,88.019997,86.41819,165428800
6/15/2020,83.3125,86.419998,83.144997,85.747498,84.187035,138808800
6/12/2020,86.18,86.949997,83.555,84.699997,83.158592,200146000
6/11/2020,87.327499,87.764999,83.870003,83.974998,82.4468,201662400
6/10/2020,86.974998,88.692497,86.522499,88.209999,86.604721,166651600
6/9/2020,83.035004,86.402496,83.002502,85.997498,84.432472,147712400
6/8/2020,82.5625,83.400002,81.830002,83.364998,81.8479,95654400
6/5/2020,80.837502,82.9375,80.807503,82.875,81.366814,137250400
6/4/2020,81.097504,81.404999,80.195,80.580002,79.113586,87560400
6/3/2020,81.165001,81.550003,80.574997,81.279999,79.800842,104491200
6/2/2020,80.1875,80.860001,79.732498,80.834999,79.36396,87642800
6/1/2020,79.4375,80.587502,79.302498,80.462502,78.998215,80791200
5/29/2020,79.8125,80.287498,79.1175,79.485001,78.038506,153532400
5/28/2020,79.192497,80.860001,78.907501,79.5625,78.114601,133560800
5/27/2020,79.035004,79.677498,78.272499,79.527496,78.080238,112945200
5/26/2020,80.875,81.059998,79.125,79.182503,77.741516,125522000
5/22/2020,78.942497,79.807503,78.837502,79.722504,78.27169,81803200
5/21/2020,79.665001,80.222504,78.967499,79.212502,77.770973,102688800
5/20/2020,79.169998,79.879997,79.129997,79.807503,78.355148,111504800
5/19/2020,78.7575,79.629997,78.252502,78.285004,76.860344,101729600
5/18/2020,78.292503,79.125,77.580002,78.739998,77.307053,135178400
5/15/2020,75.087502,76.974998,75.052498,76.927498,75.527542,166348400
5/14/2020,76.127502,77.447502,75.3825,77.385002,75.97673,158929200
5/13/2020,78.037498,78.987503,75.802498,76.912498,75.512817,200622400
5/12/2020,79.457497,79.922501,77.727501,77.852501,76.43573,162301200
5/11/2020,77.025002,79.262497,76.809998,78.752502,77.319351,145946400
5/8/2020,76.410004,77.587502,76.072502,77.532501,76.121536,133838400
5/7/2020,75.805,76.292503,75.4925,75.934998,74.351852,115215200
5/6/2020,75.114998,75.809998,74.717499,75.157501,73.590561,142333600
5/5/2020,73.764999,75.25,73.614998,74.389999,72.839043,147751200
5/4/2020,72.292503,73.422501,71.580002,73.290001,71.761993,133568000
5/1/2020,71.5625,74.75,71.462502,72.267502,70.760826,240616800
4/30/2020,72.489998,73.6325,72.087502,73.449997,71.918648,183064000
4/29/2020,71.182503,72.417503,70.972504,71.932503,70.4328,137280800
4/28/2020,71.269997,71.457497,69.550003,69.644997,68.19297,112004800
4/27/2020,70.449997,71.135002,69.987503,70.792503,69.316559,117087600
4/24/2020,69.300003,70.752502,69.25,70.7425,69.267601,126161200
4/23/2020,68.967499,70.4375,68.717499,68.7575,67.323967,124814400
4/22/2020,68.402496,69.474998,68.050003,69.025002,67.585907,116862400
4/21/2020,69.07,69.3125,66.357498,67.092499,65.69371,180991600
4/20/2020,69.487503,70.419998,69.212502,69.232498,67.789085,130015200
4/17/2020,71.172501,71.737503,69.214996,70.699997,69.225983,215250000
4/16/2020,71.845001,72.050003,70.587502,71.672501,70.178223,157125200
4/15/2020,70.599998,71.582497,70.157501,71.107498,69.625,131154400
4/14/2020,70,72.0625,69.512497,71.762497,70.266327,194994800
4/13/2020,67.077499,68.425003,66.457497,68.3125,66.888252,131022800
4/9/2020,67.175003,67.517502,66.175003,66.997498,65.600685,161834800
4/8/2020,65.684998,66.842499,65.307503,66.517502,65.130699,168895200
4/7/2020,67.699997,67.925003,64.75,64.857498,63.505295,202887200
4/6/2020,62.724998,65.777496,62.345001,65.6175,64.249443,201820400
4/3/2020,60.700001,61.424999,59.7425,60.352501,59.094223,129880000
4/2/2020,60.084999,61.287498,59.224998,61.232498,59.955864,165934000
4/1/2020,61.625,62.18,59.782501,60.227501,58.971825,176218400
3/31/2020,63.900002,65.622498,63,63.572498,62.247093,197002000
3/30/2020,62.685001,63.880001,62.349998,63.702499,62.374374,167976400
3/27/2020,63.1875,63.967499,61.762501,61.935001,60.64373,204216800
3/26/2020,61.630001,64.669998,61.59,64.610001,63.262959,252087200
3/25/2020,62.6875,64.5625,61.075001,61.380001,60.100296,303602000
3/24/2020,59.09,61.922501,58.575001,61.720001,60.433212,287531200
3/23/2020,57.02,57.125,53.1525,56.092499,54.923035,336752800
3/20/2020,61.794998,62.9575,57,57.310001,56.115154,401693200
3/19/2020,61.8475,63.209999,60.6525,61.195,59.919163,271857200
3/18/2020,59.942501,62.5,59.279999,61.6675,60.381802,300233600
3/17/2020,61.877499,64.402496,59.599998,63.215,61.897034,324056000
3/16/2020,60.487499,64.769997,60,60.552502,59.290047,322423600
3/13/2020,66.222504,69.980003,63.237499,69.4925,68.043655,370732000
3/12/2020,63.985001,67.5,62,62.057499,60.763676,418474000
3/11/2020,69.347504,70.305,67.964996,68.857498,67.421898,255598800
3/10/2020,69.285004,71.610001,67.342499,71.334999,69.847748,285290000
3/9/2020,65.9375,69.522499,65.75,66.542503,65.155174,286744800
3/6/2020,70.5,72.705002,70.307503,72.2575,70.751015,226176800
3/5/2020,73.879997,74.887497,72.852501,73.230003,71.703247,187572800
3/4/2020,74.110001,75.849998,73.282501,75.684998,74.107056,219178400
3/3/2020,75.917503,76,71.449997,72.330002,70.821991,319475600
3/2/2020,70.57,75.360001,69.43,74.702499,73.145027,341397200
2/28/2020,64.315002,69.602501,64.092499,68.339996,66.915176,426510000
2/27/2020,70.275002,71.5,68.239998,68.379997,66.954361,320605600
2/26/2020,71.6325,74.470001,71.625,73.162498,71.637154,198054800
2/25/2020,75.237503,75.6325,71.532501,72.019997,70.518463,230673600
2/24/2020,74.315002,76.044998,72.307503,74.544998,72.990814,222195200
2/21/2020,79.654999,80.112503,77.625,78.262497,76.630814,129554000
2/20/2020,80.657501,81.162498,79.552498,80.074997,78.405533,100566000
2/19/2020,80,81.142502,80,80.904999,79.218224,93984000
2/18/2020,78.839996,79.9375,78.652496,79.75,78.087296,152531200
2/14/2020,81.184998,81.495003,80.712502,81.237503,79.5438,80113600
2/13/2020,81.047501,81.555,80.837502,81.217499,79.524208,94747600
2/12/2020,80.3675,81.805,80.3675,81.800003,80.094559,113730400
2/11/2020,80.900002,80.974998,79.677498,79.902496,78.236618,94323200
2/10/2020,78.544998,80.387497,78.462502,80.387497,78.711525,109348800
2/7/2020,80.592499,80.849998,79.5,80.0075,78.339439,117684000
2/6/2020,80.642502,81.305,80.065002,81.302498,79.418953,105425600
2/5/2020,80.879997,81.190002,79.737503,80.362503,78.50074,118826800
2/4/2020,78.827499,79.910004,78.407501,79.712502,77.865799,136616400
2/3/2020,76.074997,78.372498,75.555,77.165001,75.377312,173788400
1/31/2020,80.232498,80.669998,77.072502,77.377502,75.5849,199588400
1/30/2020,80.135002,81.022499,79.6875,80.967499,79.091698,126743200
1/29/2020,81.112503,81.962502,80.345001,81.084999,79.206482,216229200
1/28/2020,78.150002,79.599998,78.047501,79.422501,77.582512,162234000
1/27/2020,77.514999,77.942497,76.220001,77.237503,75.448135,161940000
1/24/2020,80.0625,80.832497,79.379997,79.577499,77.733917,146537600
1/23/2020,79.480003,79.889999,78.912498,79.807503,77.95858,104472000
1/22/2020,79.644997,79.997498,79.327499,79.425003,77.584946,101832400
1/21/2020,79.297501,79.754997,79,79.142502,77.30899,110843200
1/17/2020,79.067497,79.684998,78.75,79.682503,77.836479,137816400
1/16/2020,78.397499,78.925003,78.022499,78.809998,76.984192,108829200
1/15/2020,77.962502,78.875,77.387497,77.834999,76.031776,121923600
1/14/2020,79.175003,79.392502,78.042503,78.169998,76.359024,161954400
1/13/2020,77.910004,79.267502,77.787498,79.239998,77.404228,121532000
1/10/2020,77.650002,78.167503,77.0625,77.582497,75.785126,140644800
1/9/2020,76.809998,77.607498,76.550003,77.407501,75.614189,170108400
1/8/2020,74.290001,76.110001,74.290001,75.797501,74.041496,132079200
1/7/2020,74.959999,75.224998,74.370003,74.597504,72.869286,108872000
1/6/2020,73.447502,74.989998,73.1875,74.949997,73.213623,118387200
1/3/2020,74.287498,75.144997,74.125,74.357498,72.634842,146322800
1/2/2020,74.059998,75.150002,73.797501,75.087502,73.347946,135480400
12/31/2019,72.482498,73.419998,72.379997,73.412498,71.711739,100805600
12/30/2019,72.364998,73.172501,71.305,72.879997,71.191566,144114400
12/27/2019,72.779999,73.4925,72.029999,72.449997,70.771545,146266000
12/26/2019,71.205002,72.495003,71.175003,72.477501,70.798401,93121200
12/24/2019,71.172501,71.222504,70.730003,71.067497,69.421074,48478800
12/23/2019,70.1325,71.0625,70.092499,71,69.355141,98572000
12/20/2019,70.557503,70.662498,69.639999,69.860001,68.241531,275978000
12/19/2019,69.875,70.294998,69.737503,70.004997,68.383171,98369200
12/18/2019,69.949997,70.474998,69.779999,69.934998,68.314804,116028400
12/17/2019,69.892502,70.442497,69.699997,70.102501,68.478439,114158400
12/16/2019,69.25,70.197502,69.245003,69.964996,68.344116,128186000
12/13/2019,67.864998,68.824997,67.732498,68.787498,67.193878,133587600
12/12/2019,66.945,68.139999,66.830002,67.864998,66.292747,137310400
12/11/2019,67.202499,67.775002,67.125,67.692497,66.12426,78756800
12/10/2019,67.150002,67.517502,66.464996,67.120003,65.565018,90420400
12/9/2019,67.5,67.699997,66.227501,66.730003,65.184067,128042400
12/6/2019,66.870003,67.75,66.824997,67.677498,66.109604,106075600
12/5/2019,65.947502,66.472504,65.682503,66.394997,64.856819,74424400
12/4/2019,65.267502,65.827499,65.169998,65.434998,63.91906,67181600
12/3/2019,64.577499,64.8825,64.072502,64.862503,63.359833,114430400
12/2/2019,66.817497,67.0625,65.862503,66.040001,64.51004,94487200
11/29/2019,66.650002,67,66.474998,66.8125,65.264648,46617600
11/27/2019,66.394997,66.995003,66.327499,66.959999,65.40873,65235600
11/26/2019,66.735001,66.790001,65.625,66.072502,64.541801,105207600
11/25/2019,65.677498,66.610001,65.629997,66.592499,65.049736,84020400
11/22/2019,65.647499,65.794998,65.209999,65.445,63.928814,65325200
11/21/2019,65.922501,66.002502,65.294998,65.502502,63.985001,121395200
11/20/2019,66.385002,66.519997,65.099998,65.797501,64.273163,106234400
11/19/2019,66.974998,67,66.347504,66.572502,65.03022,76167200
11/18/2019,66.449997,66.857498,66.057503,66.775002,65.228012,86703200
11/15/2019,65.919998,66.445,65.752502,66.440002,64.900772,100206400
11/14/2019,65.9375,66.220001,65.525002,65.660004,64.138847,89182800
11/13/2019,65.282501,66.195,65.267502,66.1175,64.585747,102734400
11/12/2019,65.387497,65.697502,65.230003,65.489998,63.972778,87388800
11/11/2019,64.574997,65.6175,64.57,65.550003,64.031395,81821200
11/8/2019,64.672501,65.110001,64.212502,65.035004,63.528328,69986400
11/7/2019,64.684998,65.087502,64.527496,64.857498,63.354931,94940400
11/6/2019,64.192497,64.372498,63.842499,64.309998,62.632084,75864400
11/5/2019,64.262497,64.547501,64.080002,64.282501,62.605301,79897600
11/4/2019,64.332497,64.462502,63.845001,64.375,62.695385,103272000
11/1/2019,62.384998,63.982498,62.290001,63.955002,62.28635,151125200
10/31/2019,61.810001,62.2925,59.314999,62.189999,60.567398,139162000
10/30/2019,61.189999,61.325001,60.302502,60.814999,59.228268,124522000
10/29/2019,62.2425,62.4375,60.642502,60.822498,59.235565,142839600
10/28/2019,61.855,62.3125,61.68,62.262501,60.637997,96572800
10/25/2019,60.790001,61.682499,60.720001,61.645,60.036621,73477200
10/24/2019,61.127499,61.200001,60.452499,60.895,59.306187,69275200
10/23/2019,60.525002,60.810001,60.305,60.794998,59.208786,75828800
10/22/2019,60.290001,60.549999,59.904999,59.990002,58.424797,82293600
10/21/2019,59.380001,60.247501,59.330002,60.127499,58.558708,87247200
10/18/2019,58.647499,59.395,58.572498,59.102501,57.560455,97433600
10/17/2019,58.772499,59.037498,58.380001,58.82,57.285324,67585200
10/16/2019,58.342499,58.810001,58.299999,58.592499,57.063751,73903200
10/15/2019,59.0975,59.412498,58.720001,58.830002,57.295055,87360000
10/14/2019,58.724998,59.532501,58.6675,58.967499,57.428963,96427600
10/11/2019,58.237499,59.41,58.077499,59.052502,57.511757,166795600
10/10/2019,56.982498,57.610001,56.825001,57.522499,56.021671,113013600
10/9/2019,56.7575,56.947498,56.41,56.7575,55.27663,74770400
10/8/2019,56.455002,57.014999,56.0825,56.099998,54.636288,111820000
10/7/2019,56.567501,57.482498,56.459999,56.764999,55.283939,122306000
10/4/2019,56.41,56.872501,55.9725,56.752499,55.271763,138478800
10/3/2019,54.607498,55.240002,53.782501,55.205002,53.764645,114426000
10/2/2019,55.764999,55.895,54.482498,54.740002,53.311779,138449200
10/1/2019,56.267502,57.055,56.049999,56.147499,54.682549,139223200
9/30/2019,55.224998,56.145,55.197498,55.9925,54.531597,103909600
9/27/2019,55.134998,55.240002,54.32,54.705002,53.277687,101408000
9/26/2019,55,55.235001,54.7075,54.9725,53.538204,75334000
9/25/2019,54.637501,55.375,54.285,55.2575,53.815769,87613600
9/24/2019,55.2575,55.622501,54.297501,54.419998,53.000126,124763200
9/23/2019,54.737499,54.959999,54.412498,54.68,53.253342,76662000
9/20/2019,55.345001,55.639999,54.3675,54.432499,53.012295,221652400
9/19/2019,55.502499,55.939999,55.092499,55.240002,53.798729,88242400
9/18/2019,55.264999,55.712502,54.860001,55.692501,54.239429,101360000
9/17/2019,54.990002,55.205002,54.779999,55.174999,53.735428,73274800
9/16/2019,54.432499,55.032501,54.389999,54.974998,53.540638,84632400
9/13/2019,55,55.197498,54.255001,54.6875,53.260639,159053200
9/12/2019,56.200001,56.605,55.715,55.772499,54.317329,128906800
9/11/2019,54.517502,55.927502,54.432499,55.897499,54.439079,177158400
9/10/2019,53.465,54.195,52.927502,54.174999,52.761509,127111600
9/9/2019,53.709999,54.110001,52.767502,53.5425,52.145519,109237600
9/6/2019,53.512501,53.605,53.127499,53.314999,51.92395,77449200
9/5/2019,53,53.4925,52.877499,53.32,51.928822,95654800
9/4/2019,52.0975,52.369999,51.830002,52.297501,50.933006,76752400
9/3/2019,51.607498,51.744999,51.055,51.424999,50.083271,80092000
8/30/2019,52.540001,52.612499,51.799999,52.185001,50.823441,84573600
8/29/2019,52.125,52.330002,51.665001,52.252499,50.889168,83962000
8/28/2019,51.025002,51.43,50.830002,51.3825,50.041882,63755200
8/27/2019,51.965,52.137501,50.8825,51.040001,49.708302,103493200
8/26/2019,51.465,51.797501,51.264999,51.622501,50.275616,104174400
8/23/2019,52.357498,53.012501,50.25,50.66,49.338226,187272000
8/22/2019,53.297501,53.610001,52.6875,53.115002,51.729179,89014800
8/21/2019,53.247501,53.412498,52.900002,53.16,51.772991,86141600
8/20/2019,52.720001,53.337502,52.580002,52.59,51.217873,107537200
8/19/2019,52.654999,53.182499,52.5075,52.587502,51.215435,97654400
8/16/2019,51.07,51.790001,50.959999,51.625,50.278042,110481600
8/15/2019,50.865002,51.285,49.9175,50.435001,49.119095,108909600
8/14/2019,50.790001,51.610001,50.647499,50.6875,49.365005,146189600
8/13/2019,50.255001,53.035,50.119999,52.2425,50.879436,188874000
8/12/2019,49.904999,50.512501,49.787498,50.119999,48.812321,89927600
8/9/2019,50.325001,50.689999,49.822498,50.247501,48.936493,98478800
8/8/2019,50.049999,50.8825,49.8475,50.857498,49.34309,108038000
8/7/2019,48.852501,49.889999,48.455002,49.759998,48.278271,133457600
8/6/2019,49.077499,49.517502,48.509998,49.25,47.783466,143299200
8/5/2019,49.497501,49.662498,48.145,48.334999,46.895702,209572000
8/2/2019,51.3825,51.607498,50.407501,51.005001,49.486198,163448400
8/1/2019,53.474998,54.5075,51.685001,52.107498,50.555874,216071600
7/31/2019,54.105,55.342499,52.825001,53.259998,51.674053,277125600
7/30/2019,52.189999,52.540001,51.827499,52.195,50.64077,135742800
7/29/2019,52.115002,52.66,52.110001,52.419998,50.859062,86693600
7/26/2019,51.869999,52.432499,51.785,51.935001,50.388515,70475600
7/25/2019,52.2225,52.310001,51.682499,51.755001,50.213867,55638400
7/24/2019,51.9175,52.287498,51.7925,52.1675,50.614094,59966400
7/23/2019,52.115002,52.227501,51.822498,52.209999,50.655327,73420800
7/22/2019,50.912498,51.807499,50.9025,51.805,50.262383,89111600
7/19/2019,51.447498,51.625,50.59,50.647499,49.139351,83717200
7/18/2019,51,51.470001,50.924999,51.415001,49.883991,74162400
7/17/2019,51.012501,51.272499,50.817501,50.837502,49.323689,56430000
7/16/2019,51.147499,51.5275,50.875,51.125,49.602631,67467200
7/15/2019,51.022499,51.467499,51,51.302502,49.774841,67789600
7/12/2019,50.612499,51,50.549999,50.825001,49.311569,70380800
7/11/2019,50.827499,51.0975,50.427502,50.4375,48.9356,80767200
7/10/2019,50.462502,50.932499,50.389999,50.807499,49.294579,71588400
7/9/2019,49.799999,50.377499,49.702499,50.310001,48.811897,82312000
7/8/2019,50.202499,50.349998,49.602501,50.005001,48.515987,101354400
7/5/2019,50.837502,51.27,50.724998,51.057499,49.53714,69062000
7/3/2019,50.82,51.110001,50.672501,51.102501,49.580795,45448000
7/2/2019,50.352501,50.782501,50.34,50.682499,49.173306,67740800
7/1/2019,50.7925,51.122501,50.162498,50.387501,48.887093,109012000
6/28/2019,49.669998,49.875,49.262501,49.48,48.006611,124442400
6/27/2019,50.072498,50.392502,49.892502,49.935001,48.448071,83598800
6/26/2019,49.442501,50.247501,49.337502,49.950001,48.462616,104270000
6/25/2019,49.607498,49.814999,48.822498,48.892502,47.436615,84281200
6/24/2019,49.634998,50.040001,49.5425,49.645,48.166702,72881600
6/21/2019,49.700001,50.212502,49.537498,49.695,48.215206,191202400
6/20/2019,50.092499,50.1525,49.5075,49.865002,48.380154,86056000
6/19/2019,49.919998,49.970001,49.327499,49.467499,47.994484,84496800
6/18/2019,49.012501,50.072498,48.802502,49.612499,48.135162,106204000
6/17/2019,48.224998,48.740002,48.0425,48.4725,47.029106,58676400
6/14/2019,47.887501,48.397499,47.575001,48.185001,46.750168,75046000
6/13/2019,48.674999,49.197498,48.400002,48.537498,47.092175,86698400
6/12/2019,48.487499,48.9925,48.3475,48.547501,47.101887,73012800
6/11/2019,48.715,49,48.400002,48.702499,47.252258,107731600
6/10/2019,47.952499,48.842499,47.904999,48.145,46.711361,104883600
6/7/2019,46.627499,47.98,46.442501,47.537498,46.121964,122737600
6/6/2019,45.77,46.3675,45.537498,46.305,44.926151,90105200
6/5/2019,46.07,46.247501,45.285,45.634998,44.276104,119093600
6/4/2019,43.860001,44.9575,43.630001,44.91,43.572701,123872000
6/3/2019,43.900002,44.48,42.567501,43.325001,42.034893,161584400
5/31/2019,44.057499,44.497501,43.747501,43.767502,42.464222,108174400
5/30/2019,44.487499,44.807499,44.1675,44.575001,43.247673,84873600
5/29/2019,44.105,44.837502,44,44.345001,43.024521,113924800
5/28/2019,44.73,45.147499,44.477501,44.557499,43.23069,111792800
5/24/2019,45.049999,45.535,44.654999,44.7425,43.410179,94858800
5/23/2019,44.950001,45.134998,44.452499,44.915001,43.577553,146118800
5/22/2019,46.165001,46.427502,45.637501,45.695,44.33432,118994400
5/21/2019,46.305,47,46.174999,46.650002,45.260887,113459200
5/20/2019,45.880001,46.087502,45.07,45.772499,44.409508,154449200
5/17/2019,46.732498,47.724998,46.689999,47.25,45.84301,131516400
5/16/2019,47.477501,48.1175,47.209999,47.52,46.104984,132125600
5/15/2019,46.567501,47.9375,46.505001,47.73,46.30872,106178800
5/14/2019,46.602501,47.424999,46.352501,47.165001,45.760551,146118800
5/13/2019,46.927502,47.369999,45.712502,46.43,45.047432,229722400
5/10/2019,49.355,49.712502,48.192501,49.294998,47.82711,164834800
5/9/2019,50.099998,50.419998,49.165001,50.18,48.499004,139634400
5/8/2019,50.474998,51.334999,50.4375,50.724998,49.025738,105358000
5/7/2019,51.470001,51.855,50.2075,50.715,49.016083,155054800
5/6/2019,51.072498,52.209999,50.875,52.119999,50.374008,129772400
5/3/2019,52.7225,52.959999,52.557499,52.9375,51.164124,83569600
5/2/2019,52.459999,53.162498,52.032501,52.287498,50.535908,127985200
5/1/2019,52.470001,53.827499,52.307499,52.630001,50.866924,259309200
4/30/2019,50.764999,50.849998,49.7775,50.1675,48.486923,186139600
4/29/2019,51.099998,51.4925,50.965,51.1525,49.438927,88818800
4/26/2019,51.224998,51.25,50.529999,51.075001,49.364014,74596400
4/25/2019,51.7075,51.939999,51.279999,51.32,49.600807,74172800
4/24/2019,51.84,52.119999,51.762501,51.790001,50.055065,70162400
4/23/2019,51.107498,51.9375,50.974998,51.869999,50.132381,93292000
4/22/2019,50.7075,51.235001,50.584999,51.1325,49.41959,77758000
4/18/2019,50.779999,51.037498,50.630001,50.965,49.257706,96783200
4/17/2019,49.884998,50.845001,49.6525,50.782501,49.081314,115627200
4/16/2019,49.865002,50.342499,49.639999,49.8125,48.143814,102785600
4/15/2019,49.645,49.962502,49.502499,49.807499,48.138973,70146400
4/12/2019,49.799999,50.035,49.052502,49.717499,48.051994,111042800
4/11/2019,50.212502,50.25,49.610001,49.737499,48.07132,83603200
4/10/2019,49.669998,50.185001,49.544998,50.154999,48.474838,86781200
4/9/2019,50.080002,50.712502,49.807499,49.875,48.20422,143072800
4/8/2019,49.105,50.057499,49.084999,50.025002,48.34919,103526800
4/5/2019,49.112499,49.275002,48.982498,49.25,47.600163,74106400
4/4/2019,48.697498,49.092499,48.285,48.922501,47.28363,76457200
4/3/2019,48.3125,49.125,48.287498,48.837502,47.201477,93087200
4/2/2019,47.772499,48.615002,47.762501,48.505001,46.880108,91062800
4/1/2019,47.91,47.919998,47.095001,47.810001,46.208401,111448000
3/29/2019,47.4575,47.52,47.134998,47.487499,45.896706,94256000
3/28/2019,47.237499,47.389999,46.8825,47.18,45.599499,83121600
3/27/2019,47.1875,47.439999,46.637501,47.1175,45.539085,119393600
3/26/2019,47.915001,48.220001,46.145,46.697498,45.13316,199202000
3/25/2019,47.877499,47.994999,46.650002,47.185001,45.604336,175381200
3/22/2019,48.834999,49.422501,47.695,47.762501,46.162487,169630800
3/21/2019,47.505001,49.0825,47.452499,48.772499,47.138649,204136800
3/20/2019,46.557499,47.372501,46.182499,47.040001,45.464199,124140800
3/19/2019,47.087502,47.247501,46.48,46.6325,45.070335,126585600
3/18/2019,46.450001,47.0975,46.447498,47.005001,45.430359,104879200
3/15/2019,46.212502,46.8325,45.935001,46.529999,44.971272,156171600
3/14/2019,45.974998,46.025002,45.639999,45.932499,44.393791,94318000
3/13/2019,45.5625,45.825001,45.23,45.427502,43.905701,124130000
3/12/2019,45,45.6675,44.842499,45.227501,43.712414,129870400
3/11/2019,43.872501,44.779999,43.837502,44.724998,43.226746,128044000
3/8/2019,42.580002,43.267502,42.375,43.227501,41.779404,95997600
3/7/2019,43.467499,43.610001,43.005001,43.125,41.680332,99185600
3/6/2019,43.6675,43.872501,43.485001,43.630001,42.168415,83241600
3/5/2019,43.985001,44,43.634998,43.8825,42.412464,78949600
3/4/2019,43.922501,44.4375,43.4925,43.962502,42.489784,109744800
3/1/2019,43.57,43.787498,43.2225,43.7425,42.277157,103544800
2/28/2019,43.580002,43.727501,43.23,43.287498,41.837399,112861600
2/27/2019,43.302502,43.75,43.182499,43.717499,42.252991,111341600
2/26/2019,43.427502,43.825001,43.2925,43.5825,42.122517,68280800
2/25/2019,43.540001,43.967499,43.487499,43.557499,42.098351,87493600
2/22/2019,42.895,43.25,42.845001,43.2425,41.793911,75652800
2/21/2019,42.950001,43.092499,42.575001,42.764999,41.332394,68998800
2/20/2019,42.797501,43.330002,42.747501,43.0075,41.566776,104457600
2/19/2019,42.427502,42.860001,42.372501,42.732498,41.300983,75891200
2/15/2019,42.8125,42.924999,42.4375,42.605,41.177757,98507200
2/14/2019,42.427502,42.814999,42.345001,42.700001,41.269573,87342800
2/13/2019,42.8475,43.119999,42.48,42.544998,41.119755,89960800
2/12/2019,42.525002,42.75,42.424999,42.7225,41.291317,89134000
2/11/2019,42.762501,42.802502,42.3125,42.357498,40.938549,83973600
2/8/2019,42.247501,42.665001,42.105,42.602501,41.17535,95280000
2/7/2019,43.099998,43.485001,42.584999,42.735001,41.127014,126966800
2/6/2019,43.662498,43.892502,43.212502,43.560001,41.92099,112958400
2/5/2019,43.215,43.77,43.087502,43.544998,41.90654,144406400
2/4/2019,41.852501,42.915001,41.82,42.8125,41.201595,125982000
2/1/2019,41.740002,42.244999,41.482498,41.630001,40.063591,130672400
1/31/2019,41.5275,42.25,41.139999,41.610001,40.044357,162958400
1/30/2019,40.8125,41.537498,40.057499,41.3125,39.758045,244439200
1/29/2019,39.0625,39.532501,38.5275,38.669998,37.214962,166348800
1/28/2019,38.947498,39.0825,38.415001,39.075001,37.60474,104768400
1/25/2019,38.869999,39.532501,38.580002,39.439999,37.955997,134142000
1/24/2019,38.5275,38.619999,37.935001,38.174999,36.738594,101766000
1/23/2019,38.537498,38.785,37.924999,38.48,37.032124,92522400
1/22/2019,39.102501,39.182499,38.154999,38.325001,36.882961,121576000
1/18/2019,39.375,39.470001,38.994999,39.205002,37.729843,135004000
1/17/2019,38.549999,39.415001,38.314999,38.965,37.498875,119284800
1/16/2019,38.27,38.970001,38.25,38.735001,37.277527,122278800
1/15/2019,37.567501,38.3475,37.512501,38.267502,36.827618,114843600
1/14/2019,37.712502,37.817501,37.305,37.5,36.088993,129756800
1/11/2019,38.220001,38.424999,37.877499,38.072498,36.63995,108092800
1/10/2019,38.125,38.4925,37.715,38.450001,37.003242,143122800
1/9/2019,37.822498,38.6325,37.407501,38.327499,36.885365,180396400
1/8/2019,37.389999,37.955002,37.130001,37.6875,36.269436,164101200
1/7/2019,37.174999,37.2075,36.474998,36.982498,35.590958,219111200
1/4/2019,36.1325,37.137501,35.950001,37.064999,35.670361,234428400
1/3/2019,35.994999,36.43,35.5,35.547501,34.209961,365248800
1/2/2019,38.7225,39.712502,38.557499,39.48,37.994499,148158800
