Date,4 WEEKS BANK DISCOUNT,4 WEEKS COUPON EQUIVALENT,8 WEEKS BANK DISCOUNT,8 WEEKS COUPON EQUIVALENT,13 WEEKS BANK DISCOUNT,13 WEEKS COUPON EQUIVALENT,26 WEEKS BANK DISCOUNT,26 WEEKS COUPON EQUIVALENT,52 WEEKS BANK DISCOUNT,52 WEEKS COUPON EQUIVALENT,Id
5/24/2023,5.62,5.74,5.06,5.18,5.21,5.37,5.17,5.4,4.88,5.15,1
5/23/2023,5.51,5.63,5.1,5.23,5.18,5.34,5.14,5.37,4.82,5.08,2
5/22/2023,5.5,5.62,5.19,5.32,5.24,5.4,5.17,5.4,4.81,5.07,3
5/19/2023,5.41,5.52,5.11,5.24,5.12,5.27,5.11,5.33,4.77,5.03,4
5/18/2023,5.38,5.49,5.06,5.19,5.14,5.29,5.13,5.35,4.76,5.02,5
5/17/2023,5.39,5.5,4.87,4.99,5.1,5.25,5.05,5.27,4.66,4.91,6
5/16/2023,5.45,5.56,4.8,4.92,5.07,5.22,5.02,5.24,4.63,4.88,7
5/15/2023,5.49,5.61,4.8,4.92,5.06,5.21,4.99,5.2,4.56,4.79,8
5/12/2023,5.57,5.69,4.72,4.83,5.08,5.23,4.93,5.14,4.57,4.8,9
5/11/2023,5.59,5.71,4.68,4.79,5.04,5.19,4.9,5.11,4.52,4.75,10
5/10/2023,5.39,5.5,4.81,4.93,5.08,5.23,4.89,5.1,4.52,4.75,11
5/9/2023,5.4,5.51,4.99,5.11,5.13,5.28,4.94,5.15,4.62,4.86,12
5/8/2023,5.33,5.44,5.01,5.13,5.15,5.3,4.9,5.11,4.6,4.84,13
5/5/2023,5.38,5.49,5.07,5.2,5.1,5.25,4.9,5.11,4.54,4.77,14
5/4/2023,5.54,5.66,5.08,5.21,5.1,5.25,4.82,5.02,4.42,4.64,15
5/3/2023,4.44,4.53,5.15,5.28,5.09,5.24,4.85,5.05,4.5,4.73,16
5/2/2023,4.33,4.42,5.13,5.26,5.08,5.23,4.83,5.03,4.53,4.76,17
5/1/2023,4.32,4.41,4.95,5.07,5.1,5.25,4.91,5.12,4.63,4.87,18
4/28/2023,4.23,4.31,4.95,5.07,4.95,5.09,4.86,5.06,4.57,4.81,19
4/27/2023,4.16,4.24,4.95,5.07,5.03,5.18,4.85,5.05,4.56,4.8,20
4/26/2023,3.63,3.7,4.82,4.94,5,5.15,4.8,5,4.44,4.67,21
4/25/2023,3.92,4,4.83,4.95,4.97,5.12,4.78,4.98,4.39,4.61,22
4/24/2023,3.4,3.47,4.85,4.97,5.04,5.19,4.85,5.05,4.53,4.77,23
4/21/2023,3.29,3.35,4.79,4.91,4.98,5.12,4.87,5.07,4.54,4.78,24
4/20/2023,3.32,3.38,4.87,4.99,4.97,5.12,4.85,5.05,4.53,4.77,25
4/19/2023,3.68,3.75,4.79,4.91,5.01,5.16,4.89,5.1,4.59,4.84,26
4/18/2023,3.69,3.76,4.79,4.91,5.04,5.19,4.88,5.09,4.57,4.81,27
4/17/2023,3.95,4.03,4.81,4.93,5.06,5.21,4.86,5.07,4.61,4.85,28
4/14/2023,4.18,4.26,4.79,4.91,4.98,5.12,4.83,5.03,4.59,4.82,29
4/13/2023,3.98,4.06,4.79,4.91,4.95,5.1,4.75,4.95,4.48,4.71,30
4/12/2023,4.04,4.12,4.68,4.79,4.87,5.01,4.78,4.98,4.46,4.68,31
4/11/2023,4.09,4.17,4.68,4.79,4.89,5.03,4.79,4.99,4.48,4.71,32
4/10/2023,4.39,4.48,4.69,4.8,4.94,5.09,4.78,4.98,4.46,4.69,33
4/7/2023,4.43,4.52,4.73,4.84,4.81,4.95,4.75,4.95,4.42,4.64,34
4/6/2023,4.44,4.53,4.69,4.8,4.77,4.91,4.74,4.94,4.35,4.57,35
4/5/2023,4.48,4.57,4.61,4.72,4.72,4.86,4.63,4.82,4.25,4.46,36
4/4/2023,4.52,4.61,4.65,4.76,4.74,4.88,4.61,4.8,4.31,4.53,37
4/3/2023,4.56,4.65,4.64,4.75,4.77,4.91,4.69,4.88,4.39,4.61,38
3/31/2023,4.6,4.69,4.65,4.76,4.68,4.81,4.72,4.91,4.43,4.66,39
3/30/2023,4.6,4.69,4.64,4.75,4.8,4.94,4.7,4.89,4.41,4.64,40
3/29/2023,4.2,4.28,4.29,4.39,4.64,4.77,4.7,4.89,4.38,4.6,41
3/28/2023,4.1,4.18,4.2,4.3,4.64,4.77,4.68,4.87,4.34,4.56,42
3/27/2023,4.07,4.15,4.29,4.39,4.75,4.89,4.65,4.84,4.3,4.52,43
3/24/2023,4.15,4.23,4.35,4.45,4.57,4.7,4.56,4.74,4.12,4.32,44
3/23/2023,4.13,4.21,4.36,4.46,4.57,4.7,4.59,4.78,4.18,4.39,45
3/22/2023,3.98,4.06,4.36,4.46,4.63,4.76,4.73,4.93,4.34,4.56,46
3/21/2023,3.91,3.99,4.31,4.41,4.62,4.75,4.74,4.94,4.44,4.67,47
3/20/2023,4.19,4.27,4.4,4.5,4.65,4.78,4.58,4.77,4.2,4.39,48
3/17/2023,4.18,4.26,4.39,4.49,4.36,4.48,4.51,4.69,4.12,4.3,49
3/16/2023,3.93,4.01,4.49,4.6,4.57,4.7,4.72,4.92,4.32,4.52,50
3/15/2023,4.06,4.14,4.38,4.48,4.59,4.72,4.53,4.71,4.04,4.22,51
3/14/2023,4.27,4.36,4.61,4.72,4.71,4.85,4.71,4.91,4.27,4.47,52
3/13/2023,4.45,4.54,4.66,4.77,4.7,4.84,4.59,4.78,4.13,4.32,53
3/10/2023,4.64,4.73,4.76,4.88,4.83,4.97,4.93,5.14,4.68,4.91,54
3/9/2023,4.66,4.75,4.81,4.93,4.87,5.01,5.07,5.29,4.93,5.19,55
3/8/2023,4.59,4.68,4.71,4.82,4.89,5.03,5.09,5.31,4.99,5.25,56
3/7/2023,4.63,4.72,4.71,4.82,4.87,5.01,5.07,5.29,4.96,5.22,57
3/6/2023,4.59,4.68,4.64,4.75,4.76,4.9,4.98,5.19,4.81,5.06,58
3/3/2023,4.59,4.68,4.65,4.76,4.74,4.87,4.94,5.15,4.79,5.03,59
3/2/2023,4.59,4.68,4.67,4.78,4.74,4.88,4.94,5.15,4.8,5.05,60
3/1/2023,4.52,4.6,4.63,4.73,4.73,4.87,4.96,5.17,4.81,5.06,61
2/28/2023,4.52,4.6,4.64,4.74,4.72,4.86,4.93,5.14,4.78,5.03,62
2/27/2023,4.54,4.62,4.66,4.76,4.74,4.88,4.94,5.15,4.79,5.04,63
2/24/2023,4.55,4.63,4.67,4.77,4.72,4.84,4.91,5.1,4.8,5.05,64
2/23/2023,4.53,4.61,4.67,4.77,4.71,4.83,4.9,5.09,4.78,5.03,65
2/22/2023,4.49,4.57,4.64,4.74,4.71,4.83,4.93,5.13,4.82,5.07,66
2/21/2023,4.5,4.58,4.66,4.76,4.72,4.84,4.92,5.12,4.82,5.07,67
2/17/2023,4.51,4.59,4.65,4.75,4.7,4.82,4.84,5.03,4.78,5.02,68
2/16/2023,4.53,4.61,4.65,4.75,4.7,4.82,4.83,5.02,4.77,5.01,69
2/15/2023,4.51,4.59,4.62,4.72,4.66,4.78,4.82,5.01,4.74,4.98,70
2/14/2023,4.5,4.58,4.62,4.72,4.67,4.79,4.83,5.02,4.76,5,71
2/13/2023,4.53,4.61,4.62,4.72,4.68,4.8,4.84,5.03,4.69,4.92,72
2/10/2023,4.53,4.61,4.61,4.71,4.66,4.78,4.75,4.93,4.66,4.89,73
2/9/2023,4.53,4.61,4.61,4.71,4.64,4.76,4.76,4.94,4.66,4.89,74
2/8/2023,4.51,4.59,4.53,4.62,4.59,4.71,4.74,4.92,4.64,4.87,75
2/7/2023,4.49,4.57,4.52,4.61,4.59,4.71,4.75,4.93,4.66,4.89,76
2/6/2023,4.49,4.57,4.51,4.6,4.59,4.71,4.75,4.93,4.63,4.86,77
2/3/2023,4.48,4.56,4.51,4.6,4.57,4.69,4.68,4.86,4.57,4.8,78
2/2/2023,4.49,4.57,4.5,4.59,4.53,4.65,4.62,4.8,4.43,4.64,79
2/1/2023,4.46,4.54,4.5,4.59,4.54,4.66,4.65,4.83,4.45,4.67,80
1/31/2023,4.45,4.53,4.51,4.6,4.58,4.7,4.67,4.85,4.47,4.69,81
1/30/2023,4.47,4.55,4.51,4.6,4.59,4.71,4.68,4.86,4.49,4.71,82
1/27/2023,4.48,4.56,4.51,4.6,4.57,4.69,4.67,4.85,4.46,4.68,83
1/26/2023,4.49,4.57,4.53,4.63,4.55,4.67,4.66,4.84,4.46,4.68,84
1/25/2023,4.47,4.55,4.52,4.61,4.56,4.68,4.65,4.83,4.45,4.67,85
1/24/2023,4.49,4.57,4.54,4.64,4.57,4.69,4.7,4.88,4.47,4.69,86
1/23/2023,4.49,4.57,4.52,4.62,4.58,4.7,4.68,4.86,4.51,4.72,87
1/20/2023,4.48,4.56,4.51,4.6,4.57,4.69,4.66,4.84,4.49,4.7,88
1/19/2023,4.49,4.57,4.53,4.63,4.55,4.67,4.65,4.83,4.47,4.68,89
1/18/2023,4.39,4.47,4.49,4.58,4.54,4.66,4.65,4.83,4.45,4.66,90
1/17/2023,4.4,4.48,4.5,4.59,4.56,4.68,4.68,4.86,4.47,4.68,91
1/13/2023,4.38,4.46,4.46,4.55,4.51,4.62,4.64,4.81,4.48,4.69,92
1/12/2023,4.37,4.45,4.47,4.56,4.5,4.61,4.62,4.8,4.46,4.67,93
1/11/2023,4.2,4.27,4.48,4.57,4.57,4.69,4.7,4.88,4.53,4.75,94
1/10/2023,4.2,4.27,4.47,4.56,4.57,4.69,4.71,4.89,4.53,4.75,95
1/9/2023,4.17,4.24,4.44,4.53,4.55,4.67,4.69,4.87,4.48,4.7,96
1/6/2023,4.14,4.21,4.43,4.52,4.51,4.62,4.65,4.83,4.5,4.72,97
1/5/2023,4.12,4.19,4.44,4.53,4.51,4.62,4.68,4.86,4.56,4.79,98
1/4/2023,4,4.07,4.28,4.37,4.41,4.52,4.64,4.82,4.49,4.71,99
1/3/2023,3.96,4.03,4.29,4.38,4.4,4.51,4.63,4.81,4.5,4.72,100
12/30/2022,3.95,4.02,4.3,4.39,4.3,4.4,4.6,4.77,4.51,4.73,101
12/29/2022,3.88,3.95,4.28,4.37,4.34,4.45,4.57,4.74,4.48,4.7,102
12/28/2022,3.57,3.63,4.08,4.16,4.35,4.46,4.59,4.76,4.49,4.71,103
12/27/2022,3.62,3.68,4.09,4.17,4.35,4.46,4.6,4.77,4.52,4.75,104
12/23/2022,3.65,3.71,4.01,4.09,4.23,4.33,4.52,4.69,4.46,4.67,105
12/22/2022,3.65,3.71,4.02,4.1,4.24,4.34,4.51,4.68,4.45,4.66,106
12/21/2022,3.66,3.72,4.01,4.09,4.22,4.32,4.51,4.68,4.41,4.62,107
12/20/2022,3.69,3.75,4.02,4.1,4.25,4.36,4.55,4.72,4.44,4.65,108
12/19/2022,3.77,3.83,4.03,4.11,4.28,4.39,4.55,4.72,4.44,4.65,109
12/16/2022,3.78,3.84,4.03,4.11,4.2,4.3,4.52,4.69,4.41,4.62,110
12/15/2022,3.79,3.85,4.06,4.14,4.22,4.32,4.54,4.71,4.44,4.65,111
12/14/2022,3.73,3.79,3.93,4.01,4.23,4.34,4.52,4.69,4.44,4.65,112
12/13/2022,3.71,3.77,3.95,4.03,4.26,4.37,4.54,4.71,4.44,4.65,113
12/12/2022,3.68,3.74,3.97,4.05,4.29,4.4,4.62,4.8,4.54,4.76,114
12/9/2022,3.66,3.72,3.95,4.03,4.19,4.29,4.56,4.73,4.5,4.72,115
12/8/2022,3.61,3.67,3.94,4.02,4.17,4.27,4.55,4.72,4.49,4.71,116
12/7/2022,3.6,3.66,3.88,3.96,4.2,4.3,4.56,4.73,4.46,4.68,117
12/6/2022,3.68,3.74,3.98,4.06,4.27,4.38,4.58,4.75,4.51,4.73,118
12/5/2022,3.75,3.81,4.04,4.12,4.27,4.38,4.58,4.75,4.54,4.77,119
12/2/2022,3.75,3.81,4.06,4.14,4.22,4.32,4.5,4.67,4.47,4.69,120
12/1/2022,3.87,3.94,4.06,4.14,4.22,4.32,4.49,4.66,4.44,4.66,121
11/30/2022,3.91,3.98,4.05,4.13,4.27,4.38,4.54,4.71,4.52,4.75,122
11/29/2022,3.92,3.99,4.07,4.15,4.27,4.38,4.56,4.73,4.56,4.79,123
11/28/2022,3.96,4.03,4.09,4.17,4.3,4.41,4.57,4.74,4.55,4.77,124
11/25/2022,4.01,4.08,4.15,4.23,4.22,4.32,4.54,4.71,4.55,4.77,125
11/23/2022,3.97,4.04,4.11,4.19,4.21,4.31,4.55,4.72,4.54,4.76,126
11/22/2022,3.81,3.87,4.06,4.14,4.21,4.31,4.55,4.72,4.57,4.79,127
11/21/2022,3.82,3.88,4.04,4.12,4.23,4.33,4.53,4.7,4.54,4.76,128
11/18/2022,3.79,3.85,4.05,4.13,4.15,4.25,4.48,4.65,4.53,4.75,129
11/17/2022,3.8,3.86,4.03,4.11,4.13,4.23,4.44,4.6,4.47,4.69,130
11/16/2022,3.64,3.7,3.93,4.01,4.14,4.24,4.42,4.58,4.41,4.62,131
11/15/2022,3.62,3.68,3.88,3.96,4.14,4.24,4.41,4.57,4.4,4.61,132
11/14/2022,3.58,3.64,3.84,3.92,4.16,4.26,4.43,4.59,4.42,4.63,133
11/10/2022,3.58,3.64,3.84,3.92,4.09,4.19,4.4,4.56,4.38,4.59,134
11/9/2022,3.48,3.54,3.83,3.91,4.11,4.21,4.47,4.64,4.53,4.75,135
11/8/2022,3.51,3.57,3.82,3.9,4.1,4.2,4.48,4.65,4.55,4.78,136
11/7/2022,3.64,3.7,3.83,3.91,4.12,4.22,4.5,4.67,4.57,4.8,137
11/4/2022,3.6,3.66,3.83,3.91,4.02,4.12,4.43,4.59,4.54,4.77,138
11/3/2022,3.63,3.69,3.87,3.95,4.06,4.16,4.44,4.6,4.56,4.79,139
11/2/2022,3.53,3.59,3.82,3.9,4.04,4.14,4.45,4.62,4.53,4.76,140
11/1/2022,3.56,3.62,3.81,3.89,4.06,4.16,4.46,4.63,4.52,4.75,141
10/31/2022,3.57,3.63,3.82,3.9,4.06,4.16,4.45,4.62,4.46,4.67,142
10/28/2022,3.6,3.66,3.81,3.89,3.99,4.08,4.37,4.53,4.36,4.56,143
10/27/2022,3.61,3.67,3.81,3.89,3.95,4.04,4.3,4.46,4.31,4.51,144
10/26/2022,3.36,3.41,3.66,3.73,3.94,4.03,4.32,4.48,4.34,4.54,145
10/25/2022,3.4,3.46,3.62,3.69,3.97,4.07,4.36,4.52,4.4,4.61,146
10/24/2022,3.42,3.48,3.65,3.72,4,4.1,4.38,4.54,4.4,4.61,147
10/21/2022,3.42,3.48,3.64,3.71,3.9,3.99,4.29,4.44,4.38,4.59,148
10/20/2022,3.44,3.5,3.7,3.77,3.91,4,4.34,4.5,4.44,4.65,149
10/19/2022,3.13,3.18,3.52,3.59,3.91,4,4.31,4.47,4.39,4.6,150
10/18/2022,3.08,3.13,3.5,3.57,3.89,3.98,4.25,4.4,4.3,4.5,151
10/17/2022,3.16,3.21,3.49,3.56,3.82,3.91,4.25,4.4,4.29,4.49,152
10/14/2022,3.18,3.23,3.48,3.55,3.65,3.73,4.17,4.32,4.29,4.49,153
10/13/2022,3.23,3.28,3.48,3.55,3.64,3.72,4.16,4.31,4.26,4.46,154
10/12/2022,2.91,2.96,3.28,3.34,3.56,3.64,4.03,4.17,4.1,4.29,155
10/11/2022,2.92,2.97,3.27,3.33,3.53,3.61,4.05,4.19,4.09,4.28,156
10/7/2022,2.92,2.97,3.23,3.29,3.31,3.38,3.96,4.09,4.05,4.23,157
10/6/2022,2.94,2.99,3.23,3.29,3.32,3.39,3.91,4.04,4.01,4.19,158
10/5/2022,2.74,2.78,3.05,3.11,3.33,3.4,3.88,4.01,3.96,4.14,159
10/4/2022,2.77,2.81,3.07,3.13,3.32,3.39,3.87,4,3.98,4.16,160
10/3/2022,2.75,2.79,3.1,3.16,3.34,3.42,3.86,3.99,3.84,4,161
9/30/2022,2.7,2.74,3.07,3.13,3.22,3.29,3.82,3.95,3.87,4.03,162
9/29/2022,2.68,2.72,3.08,3.14,3.26,3.33,3.78,3.91,3.8,3.96,163
9/28/2022,2.5,2.54,2.96,3.01,3.29,3.36,3.78,3.91,3.81,3.97,164
9/27/2022,2.6,2.64,2.99,3.05,3.26,3.33,3.83,3.96,3.97,4.14,165
9/26/2022,2.64,2.68,2.99,3.05,3.3,3.37,3.87,4,3.98,4.15,166
9/23/2022,2.59,2.63,2.95,3,3.12,3.19,3.76,3.88,3.97,4.14,167
9/22/2022,2.65,2.69,2.98,3.04,3.19,3.26,3.78,3.91,3.9,4.07,168
9/21/2022,2.46,2.5,2.89,2.94,3.21,3.28,3.77,3.9,3.9,4.07,169
9/20/2022,2.47,2.51,2.88,2.93,3.26,3.33,3.77,3.9,3.87,4.04,170
9/19/2022,2.53,2.57,2.87,2.92,3.29,3.36,3.78,3.91,3.88,4.05,171
9/16/2022,2.6,2.64,2.89,2.94,3.1,3.17,3.68,3.8,3.8,3.96,172
9/15/2022,2.68,2.72,2.92,2.97,3.12,3.19,3.69,3.81,3.83,4,173
9/14/2022,2.43,2.47,2.78,2.83,3.14,3.21,3.68,3.8,3.79,3.95,174
9/13/2022,2.45,2.49,2.79,2.84,3.19,3.26,3.67,3.79,3.76,3.92,175
9/12/2022,2.54,2.58,2.79,2.84,3.09,3.16,3.48,3.59,3.55,3.7,176
9/9/2022,2.5,2.54,2.77,2.82,2.98,3.04,3.44,3.55,3.52,3.67,177
9/8/2022,2.5,2.54,2.76,2.81,2.97,3.03,3.37,3.48,3.46,3.6,178
9/7/2022,2.18,2.21,2.63,2.68,2.98,3.04,3.34,3.44,3.46,3.6,179
9/6/2022,2.34,2.38,2.68,2.73,2.96,3.02,3.33,3.43,3.47,3.61,180
9/2/2022,2.42,2.46,2.69,2.74,2.85,2.91,3.26,3.36,3.35,3.48,181
9/1/2022,2.46,2.5,2.7,2.75,2.88,2.94,3.27,3.37,3.38,3.51,182
8/31/2022,2.29,2.33,2.59,2.64,2.87,2.93,3.25,3.35,3.37,3.5,183
8/30/2022,2.32,2.36,2.61,2.66,2.88,2.94,3.25,3.35,3.34,3.47,184
8/29/2022,2.35,2.39,2.64,2.69,2.89,2.95,3.25,3.35,3.3,3.43,185
8/26/2022,2.31,2.35,2.6,2.65,2.78,2.84,3.14,3.23,3.24,3.36,186
8/25/2022,2.34,2.38,2.62,2.67,2.78,2.84,3.13,3.22,3.21,3.33,187
8/24/2022,2.17,2.2,2.5,2.54,2.73,2.79,3.15,3.25,3.23,3.35,188
8/23/2022,2.17,2.2,2.49,2.53,2.71,2.77,3.1,3.19,3.17,3.29,189
8/22/2022,2.18,2.21,2.49,2.53,2.74,2.8,3.11,3.2,3.2,3.32,190
8/19/2022,2.16,2.19,2.52,2.57,2.64,2.69,3.04,3.13,3.14,3.26,191
8/18/2022,2.16,2.19,2.49,2.53,2.61,2.66,3.01,3.1,3.12,3.24,192
8/17/2022,2.11,2.14,2.4,2.44,2.59,2.64,3.03,3.12,3.15,3.27,193
8/16/2022,2.16,2.19,2.41,2.45,2.61,2.66,3.01,3.1,3.14,3.26,194
8/15/2022,2.18,2.21,2.43,2.47,2.63,2.68,3.02,3.11,3.11,3.23,195
8/12/2022,2.16,2.19,2.42,2.46,2.53,2.58,3.01,3.1,3.14,3.26,196
8/11/2022,2.17,2.2,2.44,2.48,2.52,2.57,2.96,3.05,3.13,3.25,197
8/10/2022,2.15,2.18,2.33,2.37,2.56,2.61,3.01,3.1,3.14,3.26,198
8/9/2022,2.14,2.17,2.33,2.37,2.58,2.63,3.05,3.14,3.21,3.34,199
8/8/2022,2.14,2.17,2.33,2.37,2.57,2.62,3.04,3.13,3.18,3.3,200
8/5/2022,2.14,2.17,2.32,2.36,2.48,2.53,2.98,3.07,3.17,3.29,201
8/4/2022,2.12,2.15,2.29,2.33,2.41,2.46,2.87,2.95,3.01,3.12,202
8/3/2022,2.14,2.17,2.17,2.21,2.44,2.49,2.89,2.97,3.02,3.13,203
8/2/2022,2.15,2.18,2.22,2.26,2.48,2.53,2.89,2.97,2.98,3.09,204
8/1/2022,2.15,2.18,2.22,2.26,2.48,2.53,2.86,2.94,2.88,2.98,205
7/29/2022,2.16,2.19,2.2,2.24,2.34,2.39,2.81,2.89,2.88,2.98,206
7/28/2022,2.15,2.18,2.22,2.26,2.35,2.4,2.79,2.87,2.83,2.93,207
7/27/2022,2.09,2.12,2.19,2.23,2.37,2.42,2.83,2.91,2.9,3,208
7/26/2022,2.12,2.15,2.24,2.28,2.48,2.53,2.9,2.98,2.96,3.07,209
7/25/2022,2.1,2.13,2.19,2.23,2.55,2.6,2.95,3.04,2.97,3.08,210
7/22/2022,2.12,2.15,2.2,2.24,2.41,2.46,2.86,2.94,2.91,3.02,211
7/21/2022,2.12,2.15,2.22,2.26,2.4,2.45,2.88,2.96,3,3.11,212
7/20/2022,1.84,1.87,2.16,2.2,2.44,2.49,2.93,3.02,3.07,3.19,213
7/19/2022,1.87,1.9,2.17,2.21,2.46,2.51,2.95,3.04,3.07,3.19,214
7/18/2022,1.91,1.94,2.17,2.21,2.44,2.49,2.91,2.99,3.02,3.13,215
7/15/2022,1.95,1.98,2.18,2.22,2.29,2.33,2.83,2.91,3.01,3.12,216
7/14/2022,1.96,1.99,2.24,2.28,2.33,2.38,2.82,2.9,3.05,3.17,217
7/13/2022,1.68,1.71,2.07,2.11,2.33,2.38,2.85,2.93,3.09,3.21,218
7/12/2022,1.57,1.59,1.9,1.93,2.16,2.2,2.69,2.76,2.97,3.08,219
7/11/2022,1.53,1.55,1.85,1.88,2.13,2.17,2.7,2.78,2.85,2.95,220
7/8/2022,1.55,1.57,1.86,1.89,1.91,1.95,2.58,2.65,2.84,2.94,221
7/7/2022,1.53,1.55,1.84,1.87,1.89,1.93,2.54,2.61,2.76,2.85,222
7/6/2022,1.29,1.31,1.61,1.64,1.85,1.88,2.53,2.6,2.71,2.8,223
7/5/2022,1.27,1.29,1.63,1.66,1.86,1.89,2.5,2.57,2.68,2.77,224
7/1/2022,1.26,1.28,1.64,1.67,1.66,1.69,2.44,2.5,2.69,2.78,225
6/30/2022,1.26,1.28,1.64,1.67,1.66,1.69,2.44,2.5,2.7,2.79,226
6/29/2022,1.06,1.08,1.46,1.48,1.73,1.76,2.48,2.55,2.77,2.87,227
6/28/2022,1.07,1.09,1.52,1.54,1.75,1.78,2.48,2.55,2.77,2.87,228
6/27/2022,1.13,1.15,1.52,1.54,1.75,1.78,2.49,2.56,2.78,2.88,229
6/24/2022,1.18,1.2,1.57,1.6,1.66,1.69,2.43,2.49,2.73,2.82,230
6/23/2022,1.11,1.13,1.52,1.54,1.59,1.62,2.37,2.43,2.68,2.77,231
6/22/2022,0.92,0.93,1.36,1.38,1.57,1.6,2.34,2.4,2.7,2.79,232
6/21/2022,1.04,1.06,1.42,1.44,1.66,1.69,2.39,2.45,2.82,2.92,233
6/17/2022,1.13,1.15,1.47,1.49,1.58,1.61,2.17,2.22,2.77,2.87,234
6/16/2022,1.18,1.2,1.46,1.48,1.54,1.57,2.17,2.22,2.78,2.88,235
6/15/2022,1.16,1.18,1.49,1.51,1.69,1.72,2.25,2.31,2.83,2.93,236
6/14/2022,1.15,1.17,1.48,1.5,1.78,1.81,2.37,2.43,3.05,3.17,237
6/13/2022,1.11,1.13,1.4,1.42,1.69,1.72,2.2,2.26,2.73,2.82,238
6/10/2022,1.09,1.11,1.24,1.26,1.34,1.36,1.92,1.97,2.45,2.53,239
6/9/2022,1.04,1.06,1.16,1.18,1.26,1.28,1.76,1.8,2.23,2.3,240
6/8/2022,0.86,0.87,1.05,1.07,1.25,1.27,1.73,1.77,2.18,2.25,241
6/7/2022,0.85,0.86,1.03,1.05,1.24,1.26,1.71,1.75,2.15,2.21,242
6/6/2022,0.87,0.88,1.04,1.06,1.23,1.25,1.7,1.74,2.14,2.2,243
6/3/2022,0.86,0.87,1.03,1.05,1.17,1.19,1.63,1.67,2.1,2.16,244
6/2/2022,0.84,0.85,1.04,1.06,1.13,1.15,1.6,1.64,2.07,2.13,245
6/1/2022,0.75,0.76,0.85,0.86,1.12,1.14,1.59,1.63,2.08,2.14,246
5/31/2022,0.71,0.72,0.84,0.85,1.13,1.15,1.6,1.64,2,2.06,247
5/27/2022,0.68,0.69,0.9,0.91,1.06,1.08,1.49,1.52,1.94,2,248
5/26/2022,0.7,0.71,0.89,0.9,1.06,1.08,1.48,1.51,1.93,1.99,249
5/25/2022,0.52,0.53,0.83,0.84,1.05,1.07,1.48,1.51,1.94,2,250
5/24/2022,0.51,0.52,0.84,0.85,1.05,1.07,1.49,1.52,1.95,2.01,251
5/23/2022,0.52,0.53,0.87,0.88,1.07,1.09,1.53,1.56,2.02,2.08,252
5/20/2022,0.62,0.63,0.86,0.87,1.01,1.03,1.46,1.49,2.01,2.07,253
5/19/2022,0.65,0.66,0.9,0.91,1.04,1.06,1.47,1.5,2.05,2.11,254
5/18/2022,0.5,0.51,0.8,0.81,1.02,1.04,1.52,1.55,2.1,2.16,255
5/17/2022,0.58,0.59,0.81,0.82,1.06,1.08,1.52,1.55,2.02,2.08,256
5/16/2022,0.62,0.63,0.81,0.82,1.07,1.09,1.5,1.53,1.96,2.02,257
5/13/2022,0.66,0.67,0.78,0.79,1.01,1.03,1.42,1.45,1.92,1.97,258
5/12/2022,0.6,0.61,0.77,0.78,0.95,0.97,1.39,1.42,1.85,1.9,259
5/11/2022,0.56,0.57,0.74,0.75,0.9,0.91,1.39,1.42,1.88,1.93,260
5/10/2022,0.55,0.56,0.72,0.73,0.89,0.9,1.4,1.43,1.9,1.95,261
5/9/2022,0.49,0.5,0.7,0.71,0.92,0.93,1.39,1.42,1.89,1.94,262
5/6/2022,0.48,0.49,0.71,0.72,0.84,0.85,1.36,1.39,1.98,2.04,263
5/5/2022,0.49,0.5,0.7,0.71,0.84,0.85,1.33,1.36,1.98,2.04,264
5/4/2022,0.45,0.46,0.7,0.71,0.88,0.89,1.39,1.42,1.98,2.04,265
5/3/2022,0.44,0.45,0.73,0.74,0.9,0.91,1.41,1.44,2.07,2.13,266
5/2/2022,0.38,0.39,0.67,0.68,0.9,0.91,1.45,1.48,2.01,2.07,267
4/29/2022,0.37,0.38,0.71,0.72,0.83,0.84,1.37,1.4,2.02,2.08,268
4/28/2022,0.37,0.38,0.7,0.71,0.81,0.82,1.35,1.38,1.96,2.02,269
4/27/2022,0.35,0.35,0.58,0.59,0.82,0.83,1.36,1.39,1.91,1.96,270
4/26/2022,0.36,0.37,0.56,0.57,0.84,0.85,1.37,1.4,1.92,1.97,271
4/25/2022,0.39,0.4,0.57,0.58,0.93,0.95,1.4,1.43,1.96,2.02,272
4/22/2022,0.46,0.47,0.63,0.64,0.82,0.83,1.3,1.33,2,2.06,273
4/21/2022,0.5,0.51,0.64,0.65,0.82,0.83,1.29,1.32,1.96,2.02,274
4/20/2022,0.33,0.33,0.5,0.51,0.82,0.83,1.26,1.29,1.88,1.93,275
4/19/2022,0.35,0.35,0.54,0.55,0.82,0.83,1.26,1.29,1.89,1.94,276
4/18/2022,0.37,0.38,0.57,0.58,0.82,0.83,1.25,1.28,1.72,1.77,277
4/14/2022,0.37,0.38,0.57,0.58,0.78,0.79,1.22,1.24,1.73,1.78,278
4/13/2022,0.23,0.23,0.47,0.48,0.75,0.76,1.17,1.19,1.67,1.71,279
4/12/2022,0.19,0.19,0.47,0.48,0.74,0.75,1.18,1.2,1.67,1.71,280
4/11/2022,0.21,0.21,0.5,0.51,0.78,0.79,1.22,1.24,1.75,1.8,281
4/8/2022,0.2,0.2,0.47,0.48,0.69,0.7,1.16,1.18,1.72,1.77,282
4/7/2022,0.21,0.21,0.49,0.5,0.68,0.69,1.12,1.14,1.69,1.73,283
4/6/2022,0.19,0.19,0.39,0.4,0.67,0.68,1.13,1.15,1.71,1.76,284
4/5/2022,0.17,0.17,0.38,0.39,0.65,0.66,1.11,1.13,1.69,1.73,285
4/4/2022,0.17,0.17,0.38,0.39,0.67,0.68,1.12,1.14,1.65,1.69,286
4/1/2022,0.15,0.15,0.36,0.37,0.52,0.53,1.05,1.07,1.65,1.69,287
3/31/2022,0.17,0.17,0.35,0.36,0.51,0.52,1.02,1.04,1.57,1.61,288
3/30/2022,0.13,0.13,0.29,0.29,0.55,0.56,1.01,1.03,1.58,1.62,289
3/29/2022,0.17,0.17,0.31,0.31,0.56,0.57,1.03,1.05,1.62,1.66,290
3/28/2022,0.18,0.18,0.33,0.33,0.6,0.61,1.06,1.08,1.63,1.67,291
3/25/2022,0.17,0.17,0.31,0.31,0.53,0.54,0.98,1,1.62,1.66,292
3/24/2022,0.16,0.16,0.31,0.31,0.5,0.51,0.93,0.95,1.51,1.55,293
3/23/2022,0.14,0.14,0.23,0.23,0.5,0.51,0.9,0.92,1.49,1.53,294
3/22/2022,0.2,0.2,0.27,0.27,0.51,0.52,0.94,0.96,1.56,1.6,295
3/21/2022,0.21,0.21,0.31,0.31,0.55,0.56,0.93,0.95,1.28,1.31,296
3/18/2022,0.19,0.19,0.28,0.28,0.41,0.42,0.8,0.81,1.19,1.22,297
3/17/2022,0.2,0.2,0.3,0.3,0.4,0.41,0.79,0.8,1.2,1.23,298
3/16/2022,0.23,0.23,0.28,0.28,0.43,0.44,0.84,0.86,1.26,1.29,299
3/15/2022,0.21,0.21,0.29,0.29,0.46,0.47,0.84,0.86,1.19,1.22,300
3/14/2022,0.22,0.22,0.3,0.3,0.45,0.46,0.84,0.86,1.2,1.23,301
3/11/2022,0.17,0.17,0.28,0.28,0.39,0.4,0.75,0.76,1.15,1.18,302
3/10/2022,0.19,0.19,0.28,0.28,0.38,0.39,0.73,0.74,1.13,1.16,303
3/9/2022,0.17,0.17,0.23,0.23,0.38,0.39,0.73,0.74,1.1,1.12,304
3/8/2022,0.15,0.15,0.22,0.22,0.36,0.37,0.7,0.71,1.07,1.09,305
3/7/2022,0.17,0.17,0.21,0.21,0.38,0.39,0.73,0.74,1.03,1.05,306
3/4/2022,0.15,0.15,0.21,0.21,0.33,0.33,0.66,0.67,1.02,1.04,307
3/3/2022,0.19,0.19,0.25,0.25,0.37,0.38,0.67,0.68,1.05,1.07,308
3/2/2022,0.12,0.12,0.21,0.21,0.33,0.33,0.66,0.67,1.03,1.05,309
3/1/2022,0.1,0.1,0.19,0.19,0.32,0.32,0.59,0.6,0.88,0.9,310
2/28/2022,0.06,0.06,0.19,0.19,0.37,0.38,0.68,0.69,0.98,1,311
2/25/2022,0.03,0.03,0.2,0.2,0.33,0.33,0.71,0.72,1.11,1.13,312
2/24/2022,0.05,0.05,0.19,0.19,0.33,0.33,0.64,0.65,1.06,1.08,313
2/23/2022,0.02,0.02,0.18,0.18,0.36,0.37,0.74,0.75,1.14,1.17,314
2/22/2022,0.03,0.03,0.18,0.18,0.39,0.4,0.74,0.75,1.15,1.18,315
2/18/2022,0.03,0.03,0.2,0.2,0.35,0.36,0.65,0.66,0.97,0.99,316
2/17/2022,0.06,0.06,0.24,0.24,0.37,0.38,0.65,0.66,0.99,1.01,317
2/16/2022,0.03,0.03,0.14,0.14,0.39,0.4,0.67,0.68,1.04,1.06,318
2/15/2022,0.02,0.02,0.17,0.17,0.41,0.42,0.72,0.73,1.05,1.07,319
2/14/2022,0.03,0.03,0.24,0.24,0.45,0.46,0.77,0.78,1.08,1.1,320
2/11/2022,0.03,0.03,0.23,0.23,0.37,0.38,0.7,0.71,1.03,1.05,321
2/10/2022,0.05,0.05,0.32,0.32,0.41,0.42,0.74,0.75,1.09,1.11,322
2/9/2022,0.03,0.03,0.13,0.13,0.27,0.27,0.57,0.58,0.87,0.89,323
2/8/2022,0.03,0.03,0.12,0.12,0.27,0.27,0.59,0.6,0.87,0.89,324
2/7/2022,0.03,0.03,0.13,0.13,0.28,0.28,0.59,0.6,0.85,0.87,325
2/4/2022,0.05,0.05,0.13,0.13,0.23,0.23,0.55,0.56,0.86,0.88,326
2/3/2022,0.03,0.03,0.16,0.16,0.21,0.21,0.48,0.49,0.75,0.76,327
2/2/2022,0.04,0.04,0.09,0.09,0.2,0.2,0.45,0.46,0.74,0.75,328
2/1/2022,0.04,0.04,0.09,0.09,0.2,0.2,0.48,0.49,0.76,0.77,329
1/31/2022,0.03,0.03,0.13,0.13,0.24,0.24,0.49,0.5,0.76,0.77,330
1/28/2022,0.04,0.04,0.11,0.11,0.19,0.19,0.43,0.44,0.74,0.75,331
1/27/2022,0.04,0.04,0.14,0.14,0.2,0.2,0.43,0.44,0.74,0.75,332
1/26/2022,0.05,0.05,0.1,0.1,0.19,0.19,0.4,0.41,0.69,0.7,333
1/25/2022,0.05,0.05,0.08,0.08,0.2,0.2,0.39,0.4,0.64,0.65,334
1/24/2022,0.05,0.05,0.09,0.09,0.2,0.2,0.39,0.4,0.55,0.56,335
1/21/2022,0.05,0.05,0.08,0.08,0.17,0.17,0.35,0.36,0.54,0.55,336
1/20/2022,0.05,0.05,0.09,0.09,0.18,0.18,0.36,0.37,0.56,0.57,337
1/19/2022,0.05,0.05,0.05,0.05,0.17,0.17,0.36,0.37,0.53,0.54,338
1/18/2022,0.05,0.05,0.06,0.06,0.17,0.17,0.37,0.38,0.55,0.56,339
1/14/2022,0.05,0.05,0.06,0.06,0.13,0.13,0.3,0.3,0.48,0.49,340
1/13/2022,0.05,0.05,0.05,0.05,0.12,0.12,0.28,0.28,0.45,0.46,341
1/12/2022,0.04,0.04,0.05,0.05,0.12,0.12,0.28,0.28,0.45,0.46,342
1/11/2022,0.04,0.04,0.05,0.05,0.12,0.12,0.28,0.28,0.44,0.45,343
1/10/2022,0.05,0.05,0.06,0.06,0.13,0.13,0.29,0.29,0.44,0.45,344
1/7/2022,0.05,0.05,0.06,0.06,0.1,0.1,0.24,0.24,0.41,0.42,345
1/6/2022,0.04,0.04,0.06,0.06,0.1,0.1,0.23,0.23,0.43,0.44,346
1/5/2022,0.05,0.05,0.05,0.05,0.09,0.09,0.23,0.23,0.4,0.41,347
1/4/2022,0.06,0.06,0.05,0.05,0.08,0.08,0.23,0.23,0.37,0.38,348
1/3/2022,0.05,0.05,0.06,0.06,0.09,0.09,0.22,0.22,0.39,0.4,349
12/31/2021,0.06,0.06,0.05,0.05,0.06,0.06,0.19,0.19,0.38,0.39,350
12/30/2021,0.06,0.06,0.06,0.06,0.05,0.05,0.19,0.19,0.37,0.38,351
12/29/2021,0.01,0.01,0.02,0.02,0.05,0.05,0.19,0.19,0.38,0.39,352
12/28/2021,0.03,0.03,0.04,0.04,0.06,0.06,0.2,0.2,0.38,0.39,353
12/27/2021,0.04,0.04,0.05,0.05,0.06,0.06,0.21,0.21,0.3,0.3,354
12/23/2021,0.04,0.04,0.05,0.05,0.08,0.08,0.18,0.18,0.28,0.28,355
12/22/2021,0.03,0.03,0.04,0.04,0.08,0.08,0.16,0.16,0.26,0.26,356
12/21/2021,0.03,0.03,0.04,0.04,0.07,0.07,0.16,0.16,0.26,0.26,357
12/20/2021,0.03,0.03,0.05,0.05,0.07,0.07,0.16,0.16,0.25,0.25,358
12/17/2021,0.03,0.03,0.04,0.04,0.05,0.05,0.13,0.13,0.25,0.25,359
12/16/2021,0.04,0.04,0.06,0.06,0.05,0.05,0.13,0.13,0.25,0.25,360
12/15/2021,0.03,0.03,0.05,0.05,0.06,0.06,0.13,0.13,0.27,0.27,361
12/14/2021,0.01,0.01,0.05,0.05,0.05,0.05,0.13,0.13,0.25,0.25,362
12/13/2021,0.01,0.01,0.05,0.05,0.05,0.05,0.11,0.11,0.25,0.25,363
12/10/2021,0.03,0.03,0.06,0.06,0.06,0.06,0.13,0.13,0.26,0.26,364
12/9/2021,0.03,0.03,0.06,0.06,0.06,0.06,0.12,0.12,0.26,0.26,365
12/8/2021,0.04,0.04,0.05,0.05,0.07,0.07,0.13,0.13,0.28,0.28,366
12/7/2021,0.05,0.05,0.06,0.06,0.06,0.06,0.15,0.15,0.3,0.3,367
12/6/2021,0.05,0.05,0.05,0.05,0.06,0.06,0.13,0.13,0.27,0.27,368
12/3/2021,0.04,0.04,0.05,0.05,0.06,0.06,0.09,0.09,0.25,0.25,369
12/2/2021,0.05,0.05,0.05,0.05,0.05,0.05,0.09,0.09,0.26,0.26,370
12/1/2021,0.1,0.1,0.04,0.04,0.06,0.06,0.1,0.1,0.25,0.25,371
11/30/2021,0.11,0.11,0.05,0.05,0.05,0.05,0.1,0.1,0.24,0.24,372
11/29/2021,0.07,0.07,0.04,0.04,0.06,0.06,0.1,0.1,0.19,0.19,373
11/26/2021,0.11,0.11,0.04,0.04,0.06,0.06,0.1,0.1,0.18,0.18,374
11/24/2021,0.14,0.14,0.05,0.05,0.06,0.06,0.1,0.1,0.22,0.22,375
11/23/2021,0.06,0.06,0.04,0.04,0.06,0.06,0.07,0.07,0.19,0.19,376
11/22/2021,0.07,0.07,0.03,0.03,0.05,0.05,0.07,0.07,0.18,0.18,377
11/19/2021,0.11,0.11,0.04,0.04,0.05,0.05,0.06,0.06,0.16,0.16,378
11/18/2021,0.12,0.12,0.05,0.05,0.05,0.05,0.06,0.06,0.16,0.16,379
11/17/2021,0.06,0.06,0.05,0.05,0.05,0.05,0.06,0.06,0.16,0.16,380
11/16/2021,0.06,0.06,0.06,0.06,0.05,0.05,0.07,0.07,0.16,0.16,381
11/15/2021,0.06,0.06,0.06,0.06,0.05,0.05,0.06,0.06,0.17,0.17,382
11/12/2021,0.05,0.05,0.05,0.05,0.05,0.05,0.07,0.07,0.16,0.16,383
11/10/2021,0.06,0.06,0.06,0.06,0.05,0.05,0.07,0.07,0.16,0.16,384
11/9/2021,0.04,0.04,0.05,0.05,0.04,0.04,0.06,0.06,0.13,0.13,385
11/8/2021,0.04,0.04,0.06,0.06,0.06,0.06,0.07,0.07,0.15,0.15,386
11/5/2021,0.05,0.05,0.06,0.06,0.05,0.05,0.07,0.07,0.14,0.14,387
11/4/2021,0.05,0.05,0.05,0.05,0.04,0.04,0.07,0.07,0.14,0.14,388
11/3/2021,0.05,0.05,0.07,0.07,0.05,0.05,0.07,0.07,0.17,0.17,389
11/2/2021,0.05,0.05,0.06,0.06,0.05,0.05,0.07,0.07,0.15,0.15,390
11/1/2021,0.05,0.05,0.09,0.09,0.05,0.05,0.06,0.06,0.13,0.13,391
10/29/2021,0.06,0.06,0.08,0.08,0.05,0.05,0.07,0.07,0.13,0.13,392
10/28/2021,0.06,0.06,0.1,0.1,0.06,0.06,0.06,0.06,0.13,0.13,393
10/27/2021,0.06,0.06,0.07,0.07,0.06,0.06,0.07,0.07,0.11,0.11,394
10/26/2021,0.06,0.06,0.08,0.08,0.06,0.06,0.06,0.06,0.12,0.12,395
10/25/2021,0.06,0.06,0.1,0.1,0.06,0.06,0.06,0.06,0.12,0.12,396
10/22/2021,0.05,0.05,0.09,0.09,0.06,0.06,0.07,0.07,0.12,0.12,397
10/21/2021,0.06,0.06,0.08,0.08,0.06,0.06,0.06,0.06,0.11,0.11,398
10/20/2021,0.05,0.05,0.07,0.07,0.05,0.05,0.06,0.06,0.09,0.09,399
10/19/2021,0.05,0.05,0.09,0.09,0.05,0.05,0.06,0.06,0.1,0.1,400
10/18/2021,0.04,0.04,0.09,0.09,0.06,0.06,0.06,0.06,0.1,0.1,401
10/15/2021,0.04,0.04,0.08,0.08,0.05,0.05,0.06,0.06,0.11,0.11,402
10/14/2021,0.05,0.05,0.08,0.08,0.05,0.05,0.06,0.06,0.09,0.09,403
10/13/2021,0.02,0.02,0.06,0.06,0.05,0.05,0.06,0.06,0.1,0.1,404
10/12/2021,0.02,0.02,0.07,0.07,0.06,0.06,0.06,0.06,0.1,0.1,405
10/8/2021,0.02,0.02,0.07,0.07,0.05,0.05,0.07,0.07,0.09,0.09,406
10/7/2021,0.03,0.03,0.09,0.09,0.05,0.05,0.06,0.06,0.1,0.1,407
10/6/2021,0.06,0.06,0.04,0.04,0.04,0.04,0.06,0.06,0.1,0.1,408
10/5/2021,0.11,0.11,0.04,0.04,0.04,0.04,0.06,0.06,0.09,0.09,409
10/4/2021,0.1,0.1,0.04,0.04,0.04,0.04,0.06,0.06,0.08,0.08,410
10/1/2021,0.08,0.08,0.04,0.04,0.04,0.04,0.05,0.05,0.08,0.08,411
9/30/2021,0.07,0.07,0.05,0.05,0.04,0.04,0.05,0.05,0.08,0.08,412
9/29/2021,0.05,0.05,0.04,0.04,0.04,0.04,0.05,0.05,0.08,0.08,413
9/28/2021,0.07,0.07,0.04,0.04,0.04,0.04,0.06,0.06,0.08,0.08,414
9/27/2021,0.06,0.06,0.03,0.03,0.04,0.04,0.05,0.05,0.08,0.08,415
9/24/2021,0.06,0.06,0.04,0.04,0.03,0.03,0.05,0.05,0.07,0.07,416
9/23/2021,0.05,0.05,0.04,0.04,0.03,0.03,0.04,0.04,0.07,0.07,417
9/22/2021,0.04,0.04,0.04,0.04,0.03,0.03,0.05,0.05,0.08,0.08,418
9/21/2021,0.05,0.05,0.04,0.04,0.03,0.03,0.04,0.04,0.07,0.07,419
9/20/2021,0.06,0.06,0.05,0.05,0.04,0.04,0.05,0.05,0.07,0.07,420
9/17/2021,0.06,0.06,0.06,0.06,0.04,0.04,0.05,0.05,0.07,0.07,421
9/16/2021,0.06,0.06,0.06,0.06,0.04,0.04,0.05,0.05,0.07,0.07,422
9/15/2021,0.04,0.04,0.06,0.06,0.04,0.04,0.05,0.05,0.07,0.07,423
9/14/2021,0.05,0.05,0.06,0.06,0.04,0.04,0.05,0.05,0.07,0.07,424
9/13/2021,0.06,0.06,0.08,0.08,0.06,0.06,0.06,0.06,0.07,0.07,425
9/10/2021,0.06,0.06,0.06,0.06,0.05,0.05,0.06,0.06,0.08,0.08,426
9/9/2021,0.07,0.07,0.06,0.06,0.04,0.04,0.05,0.05,0.07,0.07,427
9/8/2021,0.05,0.05,0.06,0.06,0.05,0.05,0.06,0.06,0.08,0.08,428
9/7/2021,0.04,0.04,0.07,0.07,0.05,0.05,0.06,0.06,0.08,0.08,429
9/3/2021,0.04,0.04,0.07,0.07,0.05,0.05,0.05,0.05,0.07,0.07,430
9/2/2021,0.05,0.05,0.07,0.07,0.05,0.05,0.06,0.06,0.07,0.07,431
9/1/2021,0.04,0.04,0.06,0.06,0.05,0.05,0.06,0.06,0.07,0.07,432
8/31/2021,0.03,0.03,0.05,0.05,0.04,0.04,0.06,0.06,0.07,0.07,433
8/30/2021,0.04,0.04,0.07,0.07,0.05,0.05,0.05,0.05,0.07,0.07,434
8/27/2021,0.04,0.04,0.06,0.06,0.05,0.05,0.05,0.05,0.07,0.07,435
8/26/2021,0.04,0.04,0.06,0.06,0.05,0.05,0.06,0.06,0.06,0.06,436
8/25/2021,0.04,0.04,0.05,0.05,0.06,0.06,0.06,0.06,0.07,0.07,437
8/24/2021,0.03,0.03,0.05,0.05,0.05,0.05,0.05,0.05,0.06,0.06,438
8/23/2021,0.04,0.04,0.05,0.05,0.05,0.05,0.06,0.06,0.07,0.07,439
8/20/2021,0.04,0.04,0.05,0.05,0.05,0.05,0.05,0.05,0.06,0.06,440
8/19/2021,0.04,0.04,0.05,0.05,0.06,0.06,0.05,0.05,0.06,0.06,441
8/18/2021,0.03,0.03,0.05,0.05,0.07,0.07,0.05,0.05,0.07,0.07,442
8/17/2021,0.03,0.03,0.05,0.05,0.07,0.07,0.06,0.06,0.07,0.07,443
8/16/2021,0.04,0.04,0.05,0.05,0.06,0.06,0.05,0.05,0.08,0.08,444
8/13/2021,0.04,0.04,0.05,0.05,0.06,0.06,0.05,0.05,0.08,0.08,445
8/12/2021,0.05,0.05,0.06,0.06,0.06,0.06,0.06,0.06,0.09,0.09,446
8/11/2021,0.05,0.05,0.05,0.05,0.05,0.05,0.06,0.06,0.08,0.08,447
8/10/2021,0.05,0.05,0.05,0.05,0.05,0.05,0.05,0.05,0.08,0.08,448
8/9/2021,0.04,0.04,0.05,0.05,0.06,0.06,0.06,0.06,0.07,0.07,449
8/6/2021,0.04,0.04,0.05,0.05,0.06,0.06,0.06,0.06,0.08,0.08,450
8/5/2021,0.05,0.05,0.05,0.05,0.05,0.05,0.06,0.06,0.08,0.08,451
8/4/2021,0.05,0.05,0.05,0.05,0.05,0.05,0.05,0.05,0.07,0.07,452
8/3/2021,0.05,0.05,0.05,0.05,0.05,0.05,0.06,0.06,0.07,0.07,453
8/2/2021,0.05,0.05,0.05,0.05,0.05,0.05,0.06,0.06,0.07,0.07,454
7/30/2021,0.05,0.05,0.05,0.05,0.06,0.06,0.05,0.05,0.07,0.07,455
7/29/2021,0.05,0.05,0.05,0.05,0.06,0.06,0.05,0.05,0.07,0.07,456
7/28/2021,0.04,0.04,0.05,0.05,0.05,0.05,0.05,0.05,0.07,0.07,457
7/27/2021,0.04,0.04,0.05,0.05,0.05,0.05,0.05,0.05,0.07,0.07,458
7/26/2021,0.05,0.05,0.05,0.05,0.05,0.05,0.06,0.06,0.08,0.08,459
7/23/2021,0.05,0.05,0.05,0.05,0.05,0.05,0.05,0.05,0.07,0.07,460
7/22/2021,0.04,0.04,0.04,0.04,0.05,0.05,0.05,0.05,0.07,0.07,461
7/21/2021,0.04,0.04,0.04,0.04,0.05,0.05,0.05,0.05,0.07,0.07,462
7/20/2021,0.05,0.05,0.05,0.05,0.05,0.05,0.06,0.06,0.08,0.08,463
7/19/2021,0.05,0.05,0.05,0.05,0.05,0.05,0.06,0.06,0.07,0.07,464
7/16/2021,0.05,0.05,0.05,0.05,0.05,0.05,0.05,0.05,0.08,0.08,465
7/15/2021,0.05,0.05,0.05,0.05,0.05,0.05,0.05,0.05,0.07,0.07,466
7/14/2021,0.06,0.06,0.05,0.05,0.06,0.06,0.05,0.05,0.08,0.08,467
7/13/2021,0.05,0.05,0.05,0.05,0.05,0.05,0.06,0.06,0.08,0.08,468
7/12/2021,0.05,0.05,0.05,0.05,0.05,0.05,0.06,0.06,0.07,0.07,469
7/9/2021,0.06,0.06,0.05,0.05,0.06,0.06,0.05,0.05,0.07,0.07,470
7/8/2021,0.06,0.06,0.05,0.05,0.06,0.06,0.06,0.06,0.07,0.07,471
7/7/2021,0.05,0.05,0.05,0.05,0.05,0.05,0.05,0.05,0.07,0.07,472
7/6/2021,0.05,0.05,0.05,0.05,0.05,0.05,0.06,0.06,0.07,0.07,473
7/2/2021,0.05,0.05,0.05,0.05,0.05,0.05,0.05,0.05,0.07,0.07,474
7/1/2021,0.05,0.05,0.05,0.05,0.05,0.05,0.05,0.05,0.08,0.08,475
6/30/2021,0.05,0.05,0.05,0.05,0.05,0.05,0.06,0.06,0.07,0.07,476
6/29/2021,0.04,0.04,0.04,0.04,0.04,0.04,0.06,0.06,0.07,0.07,477
6/28/2021,0.04,0.04,0.05,0.05,0.05,0.05,0.06,0.06,0.08,0.08,478
6/25/2021,0.05,0.05,0.05,0.05,0.06,0.06,0.06,0.06,0.08,0.08,479
6/24/2021,0.05,0.05,0.05,0.05,0.05,0.05,0.05,0.05,0.08,0.08,480
6/23/2021,0.04,0.04,0.04,0.04,0.05,0.05,0.05,0.05,0.08,0.08,481
6/22/2021,0.04,0.04,0.05,0.05,0.04,0.04,0.06,0.06,0.09,0.09,482
6/21/2021,0.04,0.04,0.04,0.04,0.05,0.05,0.06,0.06,0.09,0.09,483
6/18/2021,0.05,0.05,0.05,0.05,0.05,0.05,0.06,0.06,0.09,0.09,484
6/17/2021,0.05,0.05,0.04,0.04,0.04,0.04,0.06,0.06,0.08,0.08,485
6/16/2021,0.04,0.04,0.04,0.04,0.04,0.04,0.06,0.06,0.08,0.08,486
6/15/2021,0.02,0.02,0.02,0.02,0.03,0.03,0.05,0.05,0.08,0.08,487
6/14/2021,0.01,0.01,0.02,0.02,0.03,0.03,0.05,0.05,0.05,0.05,488
6/11/2021,0.01,0.01,0.02,0.02,0.03,0.03,0.04,0.04,0.05,0.05,489
6/10/2021,0.01,0.01,0.02,0.02,0.03,0.03,0.04,0.04,0.05,0.05,490
6/9/2021,0.01,0.01,0.02,0.02,0.03,0.03,0.04,0.04,0.05,0.05,491
6/8/2021,0.01,0.01,0.02,0.02,0.02,0.02,0.04,0.04,0.05,0.05,492
6/7/2021,0.01,0.01,0.02,0.02,0.02,0.02,0.04,0.04,0.05,0.05,493
6/4/2021,0.01,0.01,0.02,0.02,0.02,0.02,0.04,0.04,0.05,0.05,494
6/3/2021,0,0,0.01,0.01,0.02,0.02,0.04,0.04,0.04,0.04,495
6/2/2021,0.01,0.01,0.01,0.01,0.02,0.02,0.04,0.04,0.05,0.05,496
6/1/2021,0.01,0.01,0.01,0.01,0.02,0.02,0.04,0.04,0.04,0.04,497
5/28/2021,0.01,0.01,0.01,0.01,0.01,0.01,0.03,0.03,0.05,0.05,498
5/27/2021,0,0,0.01,0.01,0.02,0.02,0.04,0.04,0.04,0.04,499
5/26/2021,0,0,0,0,0.02,0.02,0.04,0.04,0.04,0.04,500
5/25/2021,0.01,0.01,0.01,0.01,0.02,0.02,0.04,0.04,0.04,0.04,501
5/24/2021,0.01,0.01,0.01,0.01,0.02,0.02,0.03,0.03,0.04,0.04,502
5/21/2021,0,0,0.01,0.01,0.01,0.01,0.02,0.02,0.04,0.04,503
5/20/2021,0.01,0.01,0.01,0.01,0.01,0.01,0.03,0.03,0.05,0.05,504
5/19/2021,0,0,0.01,0.01,0.01,0.01,0.03,0.03,0.05,0.05,505
5/18/2021,0,0,0.01,0.01,0.02,0.02,0.03,0.03,0.06,0.06,506
5/17/2021,0,0,0.01,0.01,0.02,0.02,0.04,0.04,0.05,0.05,507
5/14/2021,0.01,0.01,0.01,0.01,0.01,0.01,0.03,0.03,0.05,0.05,508
5/13/2021,0,0,0.01,0.01,0.02,0.02,0.03,0.03,0.05,0.05,509
5/12/2021,0.01,0.01,0.02,0.02,0.02,0.02,0.04,0.04,0.05,0.05,510
5/11/2021,0.01,0.01,0.01,0.01,0.01,0.01,0.04,0.04,0.05,0.05,511
5/10/2021,0.02,0.02,0.01,0.01,0.02,0.02,0.04,0.04,0.05,0.05,512
5/7/2021,0.01,0.01,0.01,0.01,0.02,0.02,0.04,0.04,0.05,0.05,513
5/6/2021,0.01,0.01,0.02,0.02,0.02,0.02,0.04,0.04,0.05,0.05,514
5/5/2021,0.01,0.01,0.01,0.01,0.02,0.02,0.04,0.04,0.06,0.06,515
5/4/2021,0.01,0.01,0.01,0.01,0.02,0.02,0.04,0.04,0.06,0.06,516
5/3/2021,0.02,0.02,0.02,0.02,0.04,0.04,0.04,0.04,0.06,0.06,517
4/30/2021,0.01,0.01,0.02,0.02,0.01,0.01,0.03,0.03,0.05,0.05,518
4/29/2021,0.01,0.01,0.01,0.01,0.01,0.01,0.04,0.04,0.05,0.05,519
4/28/2021,0.01,0.01,0.01,0.01,0.01,0.01,0.04,0.04,0.05,0.05,520
4/27/2021,0.01,0.01,0.02,0.02,0.01,0.01,0.04,0.04,0.06,0.06,521
4/26/2021,0.02,0.02,0.02,0.02,0.03,0.03,0.04,0.04,0.06,0.06,522
4/23/2021,0.01,0.01,0.02,0.02,0.03,0.03,0.03,0.03,0.07,0.07,523
4/22/2021,0.02,0.02,0.02,0.02,0.03,0.03,0.04,0.04,0.06,0.06,524
4/21/2021,0,0,0.02,0.02,0.03,0.03,0.04,0.04,0.07,0.07,525
4/20/2021,0.01,0.01,0.02,0.02,0.03,0.03,0.04,0.04,0.07,0.07,526
4/19/2021,0.01,0.01,0.02,0.02,0.02,0.02,0.04,0.04,0.07,0.07,527
4/16/2021,0.02,0.02,0.02,0.02,0.02,0.02,0.04,0.04,0.06,0.06,528
4/15/2021,0.02,0.02,0.01,0.01,0.02,0.02,0.04,0.04,0.06,0.06,529
4/14/2021,0.02,0.02,0.02,0.02,0.02,0.02,0.04,0.04,0.06,0.06,530
4/13/2021,0.03,0.03,0.02,0.02,0.03,0.03,0.05,0.05,0.06,0.06,531
4/12/2021,0.02,0.02,0.02,0.02,0.02,0.02,0.04,0.04,0.06,0.06,532
4/9/2021,0.02,0.02,0.01,0.01,0.02,0.02,0.03,0.03,0.06,0.06,533
4/8/2021,0.02,0.02,0.02,0.02,0.01,0.01,0.04,0.04,0.05,0.05,534
4/7/2021,0.01,0.01,0.02,0.02,0.02,0.02,0.04,0.04,0.06,0.06,535
4/6/2021,0.02,0.02,0.02,0.02,0.02,0.02,0.04,0.04,0.06,0.06,536
4/5/2021,0.03,0.03,0.02,0.02,0.03,0.03,0.04,0.04,0.06,0.06,537
4/2/2021,0.02,0.02,0.02,0.02,0.02,0.02,0.04,0.04,0.07,0.07,538
4/1/2021,0.02,0.02,0.02,0.02,0.02,0.02,0.04,0.04,0.06,0.06,539
3/31/2021,0.01,0.01,0.01,0.01,0.03,0.03,0.05,0.05,0.07,0.07,540
3/30/2021,0.01,0.01,0.01,0.01,0.02,0.02,0.04,0.04,0.06,0.06,541
3/29/2021,0.02,0.02,0.03,0.03,0.03,0.03,0.04,0.04,0.06,0.06,542
3/26/2021,0.02,0.02,0.02,0.02,0.02,0.02,0.04,0.04,0.06,0.06,543
3/25/2021,0.02,0.02,0.03,0.03,0.02,0.02,0.04,0.04,0.07,0.07,544
3/24/2021,0.02,0.02,0.02,0.02,0.02,0.02,0.04,0.04,0.07,0.07,545
3/23/2021,0.02,0.02,0.02,0.02,0.01,0.01,0.04,0.04,0.08,0.08,546
3/22/2021,0.02,0.02,0.02,0.02,0.03,0.03,0.05,0.05,0.06,0.06,547
3/19/2021,0.01,0.01,0.01,0.01,0.01,0.01,0.03,0.03,0.06,0.06,548
3/18/2021,0.01,0.01,0.01,0.01,0.01,0.01,0.03,0.03,0.07,0.07,549
3/17/2021,0.01,0.01,0.02,0.02,0.02,0.02,0.05,0.05,0.07,0.07,550
3/16/2021,0.01,0.01,0.02,0.02,0.02,0.02,0.06,0.06,0.07,0.07,551
3/15/2021,0.02,0.02,0.02,0.02,0.04,0.04,0.06,0.06,0.08,0.08,552
3/12/2021,0.03,0.03,0.03,0.03,0.04,0.04,0.06,0.06,0.09,0.09,553
3/11/2021,0.04,0.04,0.04,0.04,0.04,0.04,0.05,0.05,0.08,0.08,554
3/10/2021,0.03,0.03,0.03,0.03,0.04,0.04,0.06,0.06,0.08,0.08,555
3/9/2021,0.04,0.04,0.04,0.04,0.05,0.05,0.07,0.07,0.1,0.1,556
3/8/2021,0.04,0.04,0.04,0.04,0.05,0.05,0.06,0.06,0.09,0.09,557
3/5/2021,0.04,0.04,0.04,0.04,0.04,0.04,0.07,0.07,0.08,0.08,558
3/4/2021,0.03,0.03,0.05,0.05,0.04,0.04,0.07,0.07,0.08,0.08,559
3/3/2021,0.04,0.04,0.04,0.04,0.05,0.05,0.07,0.07,0.08,0.08,560
3/2/2021,0.04,0.04,0.04,0.04,0.04,0.04,0.06,0.06,0.08,0.08,561
3/1/2021,0.03,0.03,0.03,0.03,0.05,0.05,0.07,0.07,0.08,0.08,562
2/26/2021,0.04,0.04,0.04,0.04,0.04,0.04,0.05,0.05,0.08,0.08,563
2/25/2021,0.04,0.04,0.03,0.03,0.04,0.04,0.06,0.06,0.09,0.09,564
2/24/2021,0.03,0.03,0.03,0.03,0.03,0.03,0.05,0.05,0.08,0.08,565
2/23/2021,0.03,0.03,0.02,0.02,0.04,0.04,0.05,0.05,0.08,0.08,566
2/22/2021,0.03,0.03,0.02,0.02,0.03,0.03,0.04,0.04,0.06,0.06,567
2/19/2021,0.03,0.03,0.03,0.03,0.04,0.04,0.06,0.06,0.07,0.07,568
2/18/2021,0.03,0.03,0.03,0.03,0.03,0.03,0.04,0.04,0.06,0.06,569
2/17/2021,0.03,0.03,0.04,0.04,0.04,0.04,0.06,0.06,0.07,0.07,570
2/16/2021,0.03,0.03,0.04,0.04,0.04,0.04,0.06,0.06,0.08,0.08,571
2/12/2021,0.03,0.03,0.04,0.04,0.04,0.04,0.05,0.05,0.06,0.06,572
2/11/2021,0.05,0.05,0.05,0.05,0.05,0.05,0.06,0.06,0.07,0.07,573
2/10/2021,0.05,0.05,0.04,0.04,0.05,0.05,0.06,0.06,0.07,0.07,574
2/9/2021,0.04,0.04,0.04,0.04,0.04,0.04,0.06,0.06,0.07,0.07,575
2/8/2021,0.04,0.04,0.03,0.03,0.05,0.05,0.05,0.05,0.07,0.07,576
2/5/2021,0.02,0.02,0.03,0.03,0.03,0.03,0.05,0.05,0.06,0.06,577
2/4/2021,0.03,0.03,0.04,0.04,0.04,0.04,0.06,0.06,0.07,0.07,578
2/3/2021,0.03,0.03,0.04,0.04,0.04,0.04,0.06,0.06,0.08,0.08,579
2/2/2021,0.04,0.04,0.05,0.05,0.07,0.07,0.08,0.08,0.08,0.08,580
2/1/2021,0.06,0.06,0.07,0.07,0.07,0.07,0.08,0.08,0.08,0.08,581
1/29/2021,0.07,0.07,0.07,0.07,0.06,0.06,0.07,0.07,0.1,0.1,582
1/28/2021,0.05,0.05,0.06,0.06,0.07,0.07,0.08,0.08,0.08,0.08,583
1/27/2021,0.05,0.05,0.06,0.06,0.08,0.08,0.09,0.09,0.09,0.09,584
1/26/2021,0.05,0.05,0.07,0.07,0.07,0.07,0.09,0.09,0.09,0.09,585
1/25/2021,0.07,0.07,0.08,0.08,0.09,0.09,0.09,0.09,0.1,0.1,586
1/22/2021,0.07,0.07,0.08,0.08,0.08,0.08,0.1,0.1,0.1,0.1,587
1/21/2021,0.07,0.07,0.09,0.09,0.09,0.09,0.09,0.09,0.1,0.1,588
1/20/2021,0.08,0.08,0.08,0.08,0.08,0.08,0.1,0.1,0.1,0.1,589
1/19/2021,0.07,0.07,0.09,0.09,0.09,0.09,0.11,0.11,0.1,0.1,590
1/15/2021,0.08,0.08,0.09,0.09,0.09,0.09,0.1,0.1,0.1,0.1,591
1/14/2021,0.09,0.09,0.09,0.09,0.09,0.09,0.09,0.09,0.1,0.1,592
1/13/2021,0.09,0.09,0.08,0.08,0.09,0.09,0.1,0.1,0.12,0.12,593
1/12/2021,0.09,0.09,0.08,0.08,0.09,0.09,0.09,0.09,0.11,0.11,594
1/11/2021,0.09,0.09,0.08,0.08,0.08,0.08,0.1,0.1,0.1,0.1,595
1/8/2021,0.08,0.08,0.08,0.08,0.08,0.08,0.09,0.09,0.1,0.1,596
1/7/2021,0.09,0.09,0.09,0.09,0.09,0.09,0.09,0.09,0.11,0.11,597
1/6/2021,0.09,0.09,0.09,0.09,0.09,0.09,0.09,0.09,0.11,0.11,598
1/5/2021,0.08,0.08,0.09,0.09,0.09,0.09,0.09,0.09,0.1,0.1,599
1/4/2021,0.09,0.09,0.09,0.09,0.09,0.09,0.09,0.09,0.1,0.1,600
12/31/2020,0.08,0.08,0.08,0.08,0.09,0.09,0.09,0.09,0.1,0.1,601
12/30/2020,0.06,0.06,0.06,0.06,0.08,0.08,0.09,0.09,0.12,0.12,602
12/29/2020,0.08,0.08,0.09,0.09,0.1,0.1,0.12,0.12,0.11,0.11,603
12/28/2020,0.09,0.09,0.1,0.1,0.11,0.11,0.11,0.11,0.11,0.11,604
12/24/2020,0.09,0.09,0.09,0.09,0.09,0.09,0.09,0.09,0.1,0.1,605
12/23/2020,0.07,0.07,0.08,0.08,0.09,0.09,0.09,0.09,0.09,0.09,606
12/22/2020,0.06,0.06,0.09,0.09,0.09,0.09,0.09,0.09,0.09,0.09,607
12/21/2020,0.08,0.08,0.09,0.09,0.09,0.09,0.09,0.09,0.09,0.09,608
12/18/2020,0.08,0.08,0.08,0.08,0.08,0.08,0.09,0.09,0.09,0.09,609
12/17/2020,0.08,0.08,0.09,0.09,0.08,0.08,0.09,0.09,0.09,0.09,610
12/16/2020,0.08,0.08,0.08,0.08,0.09,0.09,0.09,0.09,0.09,0.09,611
12/15/2020,0.07,0.07,0.08,0.08,0.08,0.08,0.08,0.08,0.09,0.09,612
12/14/2020,0.07,0.07,0.08,0.08,0.09,0.09,0.08,0.08,0.1,0.1,613
12/11/2020,0.08,0.08,0.08,0.08,0.08,0.08,0.08,0.08,0.1,0.1,614
12/10/2020,0.07,0.07,0.08,0.08,0.08,0.08,0.09,0.09,0.1,0.1,615
12/9/2020,0.07,0.07,0.07,0.07,0.08,0.08,0.09,0.09,0.1,0.1,616
12/8/2020,0.08,0.08,0.08,0.08,0.09,0.09,0.09,0.09,0.1,0.1,617
12/7/2020,0.09,0.09,0.08,0.08,0.08,0.08,0.1,0.1,0.1,0.1,618
12/4/2020,0.07,0.07,0.07,0.07,0.09,0.09,0.1,0.1,0.11,0.11,619
12/3/2020,0.08,0.08,0.08,0.08,0.08,0.08,0.09,0.09,0.1,0.1,620
12/2/2020,0.07,0.07,0.08,0.08,0.09,0.09,0.1,0.1,0.11,0.11,621
12/1/2020,0.07,0.07,0.07,0.07,0.09,0.09,0.1,0.1,0.12,0.12,622
11/30/2020,0.08,0.08,0.08,0.08,0.08,0.08,0.09,0.09,0.11,0.11,623
11/27/2020,0.09,0.09,0.09,0.09,0.09,0.09,0.1,0.1,0.11,0.11,624
11/25/2020,0.07,0.07,0.07,0.07,0.09,0.09,0.09,0.09,0.11,0.11,625
11/24/2020,0.08,0.08,0.08,0.08,0.09,0.09,0.1,0.1,0.11,0.11,626
11/23/2020,0.08,0.08,0.08,0.08,0.08,0.08,0.08,0.08,0.1,0.1,627
11/20/2020,0.09,0.09,0.09,0.09,0.07,0.07,0.1,0.1,0.11,0.11,628
11/19/2020,0.08,0.08,0.08,0.08,0.07,0.07,0.1,0.1,0.11,0.11,629
11/18/2020,0.07,0.07,0.09,0.09,0.09,0.09,0.1,0.1,0.11,0.11,630
11/17/2020,0.08,0.08,0.08,0.08,0.09,0.09,0.1,0.1,0.12,0.12,631
11/16/2020,0.09,0.09,0.1,0.1,0.09,0.09,0.12,0.12,0.12,0.12,632
11/13/2020,0.1,0.1,0.09,0.09,0.09,0.09,0.1,0.1,0.12,0.12,633
11/12/2020,0.1,0.1,0.11,0.11,0.1,0.1,0.1,0.1,0.13,0.13,634
11/10/2020,0.09,0.09,0.09,0.09,0.1,0.1,0.11,0.11,0.12,0.12,635
11/9/2020,0.1,0.1,0.1,0.1,0.11,0.11,0.11,0.11,0.12,0.12,636
11/6/2020,0.1,0.1,0.1,0.1,0.1,0.1,0.11,0.11,0.12,0.12,637
11/5/2020,0.09,0.09,0.1,0.1,0.1,0.1,0.1,0.1,0.12,0.12,638
11/4/2020,0.08,0.08,0.09,0.09,0.1,0.1,0.1,0.1,0.12,0.12,639
11/3/2020,0.09,0.09,0.1,0.1,0.1,0.1,0.12,0.12,0.14,0.14,640
11/2/2020,0.09,0.09,0.09,0.09,0.09,0.09,0.11,0.11,0.13,0.13,641
10/30/2020,0.08,0.08,0.09,0.09,0.09,0.09,0.11,0.11,0.13,0.13,642
10/29/2020,0.08,0.08,0.1,0.1,0.09,0.09,0.1,0.1,0.12,0.12,643
10/28/2020,0.07,0.07,0.09,0.09,0.1,0.1,0.11,0.11,0.12,0.12,644
10/27/2020,0.08,0.08,0.09,0.09,0.1,0.1,0.11,0.11,0.12,0.12,645
10/26/2020,0.08,0.08,0.09,0.09,0.11,0.11,0.12,0.12,0.12,0.12,646
10/23/2020,0.08,0.08,0.09,0.09,0.1,0.1,0.11,0.11,0.12,0.12,647
10/22/2020,0.09,0.09,0.09,0.09,0.09,0.09,0.11,0.11,0.13,0.13,648
10/21/2020,0.08,0.08,0.09,0.09,0.1,0.1,0.12,0.12,0.13,0.13,649
10/20/2020,0.08,0.08,0.09,0.09,0.1,0.1,0.12,0.12,0.13,0.13,650
10/19/2020,0.09,0.09,0.1,0.1,0.11,0.11,0.11,0.11,0.13,0.13,651
10/16/2020,0.09,0.09,0.1,0.1,0.11,0.11,0.12,0.12,0.12,0.12,652
10/15/2020,0.1,0.1,0.1,0.1,0.11,0.11,0.12,0.12,0.12,0.12,653
10/14/2020,0.1,0.1,0.1,0.1,0.12,0.12,0.12,0.12,0.13,0.13,654
10/13/2020,0.09,0.09,0.09,0.09,0.11,0.11,0.12,0.12,0.13,0.13,655
10/9/2020,0.1,0.1,0.11,0.11,0.1,0.1,0.12,0.12,0.15,0.15,656
10/8/2020,0.09,0.09,0.09,0.09,0.09,0.09,0.12,0.12,0.13,0.13,657
10/7/2020,0.08,0.08,0.09,0.09,0.1,0.1,0.12,0.12,0.13,0.13,658
10/6/2020,0.08,0.08,0.09,0.09,0.1,0.1,0.11,0.11,0.14,0.14,659
10/5/2020,0.09,0.09,0.1,0.1,0.1,0.1,0.11,0.11,0.12,0.12,660
10/2/2020,0.1,0.1,0.09,0.09,0.09,0.09,0.11,0.11,0.12,0.12,661
10/1/2020,0.09,0.09,0.09,0.09,0.09,0.09,0.1,0.1,0.12,0.12,662
9/30/2020,0.08,0.08,0.08,0.08,0.1,0.1,0.11,0.11,0.12,0.12,663
9/29/2020,0.07,0.07,0.08,0.08,0.09,0.09,0.11,0.11,0.12,0.12,664
9/28/2020,0.09,0.09,0.1,0.1,0.11,0.11,0.11,0.11,0.12,0.12,665
9/25/2020,0.08,0.08,0.09,0.09,0.1,0.1,0.11,0.11,0.12,0.12,666
9/24/2020,0.08,0.08,0.09,0.09,0.1,0.1,0.11,0.11,0.12,0.12,667
9/23/2020,0.08,0.08,0.09,0.09,0.11,0.11,0.11,0.11,0.13,0.13,668
9/22/2020,0.08,0.08,0.09,0.09,0.1,0.1,0.11,0.11,0.12,0.12,669
9/21/2020,0.09,0.09,0.1,0.1,0.1,0.1,0.11,0.11,0.12,0.12,670
9/18/2020,0.09,0.09,0.1,0.1,0.1,0.1,0.12,0.12,0.13,0.13,671
9/17/2020,0.09,0.09,0.09,0.09,0.09,0.09,0.11,0.11,0.12,0.12,672
9/16/2020,0.08,0.08,0.1,0.1,0.12,0.12,0.12,0.12,0.12,0.12,673
9/15/2020,0.09,0.09,0.1,0.1,0.11,0.11,0.12,0.12,0.13,0.13,674
9/14/2020,0.1,0.1,0.11,0.11,0.11,0.11,0.13,0.13,0.14,0.14,675
9/11/2020,0.1,0.1,0.11,0.11,0.11,0.11,0.12,0.12,0.13,0.13,676
9/10/2020,0.1,0.1,0.11,0.11,0.12,0.12,0.12,0.12,0.15,0.15,677
9/9/2020,0.1,0.1,0.11,0.11,0.12,0.12,0.14,0.14,0.14,0.14,678
9/8/2020,0.1,0.1,0.1,0.1,0.13,0.13,0.14,0.14,0.15,0.15,679
9/4/2020,0.09,0.09,0.1,0.1,0.11,0.11,0.12,0.12,0.13,0.13,680
9/3/2020,0.1,0.1,0.11,0.11,0.11,0.11,0.12,0.12,0.12,0.12,681
9/2/2020,0.1,0.1,0.1,0.1,0.12,0.12,0.12,0.12,0.13,0.13,682
9/1/2020,0.09,0.09,0.11,0.11,0.12,0.12,0.13,0.13,0.12,0.12,683
8/31/2020,0.08,0.08,0.1,0.1,0.11,0.11,0.13,0.13,0.12,0.12,684
8/28/2020,0.09,0.09,0.09,0.09,0.1,0.1,0.11,0.11,0.12,0.12,685
8/27/2020,0.09,0.09,0.1,0.1,0.11,0.11,0.11,0.11,0.13,0.13,686
8/26/2020,0.07,0.07,0.1,0.1,0.11,0.11,0.12,0.12,0.12,0.12,687
8/25/2020,0.08,0.08,0.1,0.1,0.11,0.11,0.12,0.12,0.13,0.13,688
8/24/2020,0.09,0.09,0.1,0.1,0.12,0.12,0.12,0.12,0.14,0.14,689
8/21/2020,0.07,0.07,0.09,0.09,0.1,0.1,0.12,0.12,0.13,0.13,690
8/20/2020,0.08,0.08,0.09,0.09,0.11,0.11,0.13,0.13,0.12,0.12,691
8/19/2020,0.07,0.07,0.08,0.08,0.11,0.11,0.12,0.12,0.13,0.13,692
8/18/2020,0.08,0.08,0.09,0.09,0.09,0.09,0.13,0.13,0.13,0.13,693
8/17/2020,0.09,0.09,0.1,0.1,0.1,0.1,0.12,0.12,0.13,0.13,694
8/14/2020,0.09,0.09,0.1,0.1,0.1,0.1,0.12,0.12,0.13,0.13,695
8/13/2020,0.08,0.08,0.1,0.1,0.1,0.1,0.12,0.12,0.14,0.14,696
8/12/2020,0.08,0.08,0.1,0.1,0.11,0.11,0.12,0.12,0.13,0.13,697
8/11/2020,0.08,0.08,0.1,0.1,0.11,0.11,0.12,0.12,0.15,0.15,698
8/10/2020,0.09,0.09,0.11,0.11,0.11,0.11,0.13,0.13,0.13,0.13,699
8/7/2020,0.08,0.08,0.09,0.09,0.1,0.1,0.12,0.12,0.14,0.14,700
8/6/2020,0.07,0.07,0.11,0.11,0.1,0.1,0.11,0.11,0.14,0.14,701
8/5/2020,0.08,0.08,0.09,0.09,0.1,0.1,0.12,0.12,0.12,0.12,702
8/4/2020,0.09,0.09,0.09,0.09,0.09,0.09,0.11,0.11,0.14,0.14,703
8/3/2020,0.09,0.09,0.09,0.09,0.1,0.1,0.11,0.11,0.12,0.12,704
7/31/2020,0.09,0.09,0.09,0.09,0.09,0.09,0.1,0.1,0.11,0.11,705
7/30/2020,0.1,0.1,0.1,0.1,0.09,0.09,0.11,0.11,0.11,0.11,706
7/29/2020,0.09,0.09,0.1,0.1,0.11,0.11,0.12,0.12,0.13,0.13,707
7/28/2020,0.09,0.09,0.11,0.11,0.11,0.11,0.12,0.12,0.14,0.14,708
7/27/2020,0.1,0.1,0.1,0.1,0.11,0.11,0.14,0.14,0.14,0.14,709
7/24/2020,0.1,0.1,0.11,0.11,0.11,0.11,0.14,0.14,0.16,0.16,710
7/23/2020,0.09,0.09,0.11,0.11,0.12,0.12,0.13,0.13,0.14,0.14,711
7/22/2020,0.09,0.09,0.11,0.11,0.13,0.13,0.14,0.14,0.14,0.14,712
7/21/2020,0.09,0.09,0.1,0.1,0.13,0.13,0.13,0.13,0.15,0.15,713
7/20/2020,0.11,0.11,0.12,0.12,0.13,0.13,0.14,0.14,0.14,0.14,714
7/17/2020,0.11,0.11,0.11,0.11,0.11,0.11,0.13,0.13,0.14,0.14,715
7/16/2020,0.12,0.12,0.11,0.11,0.11,0.11,0.13,0.13,0.14,0.14,716
7/15/2020,0.12,0.12,0.12,0.12,0.16,0.16,0.15,0.15,0.15,0.15,717
7/14/2020,0.11,0.11,0.13,0.13,0.15,0.15,0.14,0.14,0.17,0.17,718
7/13/2020,0.11,0.11,0.12,0.12,0.14,0.14,0.15,0.15,0.16,0.16,719
7/10/2020,0.1,0.1,0.12,0.12,0.13,0.13,0.15,0.15,0.15,0.15,720
7/9/2020,0.11,0.11,0.12,0.12,0.13,0.13,0.16,0.16,0.15,0.15,721
7/8/2020,0.11,0.11,0.12,0.12,0.15,0.15,0.17,0.17,0.15,0.15,722
7/7/2020,0.12,0.12,0.14,0.14,0.15,0.15,0.17,0.17,0.15,0.15,723
7/6/2020,0.12,0.12,0.14,0.14,0.15,0.15,0.16,0.16,0.16,0.16,724
7/2/2020,0.13,0.13,0.14,0.14,0.14,0.14,0.16,0.16,0.16,0.16,725
7/1/2020,0.12,0.12,0.11,0.11,0.14,0.14,0.17,0.17,0.16,0.16,726
6/30/2020,0.13,0.13,0.14,0.14,0.16,0.16,0.18,0.18,0.16,0.16,727
6/29/2020,0.11,0.11,0.14,0.14,0.14,0.14,0.18,0.18,0.16,0.16,728
6/26/2020,0.12,0.12,0.15,0.15,0.14,0.14,0.17,0.17,0.17,0.17,729
6/25/2020,0.13,0.13,0.14,0.14,0.16,0.16,0.17,0.17,0.17,0.17,730
6/24/2020,0.11,0.11,0.13,0.13,0.15,0.15,0.17,0.17,0.17,0.17,731
6/23/2020,0.12,0.12,0.13,0.13,0.16,0.16,0.17,0.17,0.18,0.18,732
6/22/2020,0.14,0.14,0.15,0.15,0.16,0.16,0.18,0.18,0.17,0.17,733
6/19/2020,0.13,0.13,0.14,0.14,0.15,0.15,0.17,0.17,0.18,0.18,734
6/18/2020,0.13,0.13,0.14,0.14,0.16,0.16,0.17,0.17,0.19,0.19,735
6/17/2020,0.13,0.13,0.14,0.14,0.17,0.17,0.18,0.18,0.19,0.19,736
6/16/2020,0.14,0.14,0.15,0.15,0.17,0.17,0.19,0.19,0.18,0.18,737
6/15/2020,0.15,0.15,0.16,0.16,0.18,0.18,0.19,0.19,0.17,0.17,738
6/12/2020,0.14,0.14,0.15,0.15,0.16,0.16,0.18,0.18,0.18,0.18,739
6/11/2020,0.14,0.14,0.16,0.16,0.17,0.17,0.18,0.18,0.19,0.19,740
6/10/2020,0.13,0.13,0.15,0.15,0.17,0.17,0.19,0.19,0.18,0.18,741
6/9/2020,0.14,0.14,0.16,0.16,0.19,0.19,0.19,0.19,0.19,0.19,742
6/8/2020,0.15,0.15,0.15,0.15,0.17,0.17,0.19,0.19,0.19,0.19,743
6/5/2020,0.13,0.13,0.14,0.14,0.15,0.15,0.18,0.18,0.18,0.18,744
6/4/2020,0.13,0.13,0.15,0.15,0.15,0.15,0.18,0.18,0.17,0.17,745
6/3/2020,0.12,0.12,0.13,0.13,0.16,0.16,0.19,0.19,0.17,0.17,746
6/2/2020,0.12,0.12,0.13,0.13,0.15,0.15,0.18,0.18,0.17,0.17,747
6/1/2020,0.12,0.12,0.14,0.14,0.14,0.14,0.18,0.18,0.17,0.17,748
5/29/2020,0.13,0.13,0.14,0.14,0.14,0.14,0.18,0.18,0.17,0.17,749
5/28/2020,0.14,0.14,0.15,0.15,0.15,0.15,0.18,0.18,0.17,0.17,750
5/27/2020,0.1,0.1,0.13,0.13,0.15,0.15,0.17,0.17,0.18,0.18,751
5/26/2020,0.1,0.1,0.12,0.12,0.14,0.14,0.17,0.17,0.17,0.17,752
5/22/2020,0.09,0.09,0.11,0.11,0.12,0.12,0.16,0.16,0.17,0.17,753
5/21/2020,0.09,0.09,0.11,0.11,0.12,0.12,0.14,0.14,0.16,0.16,754
5/20/2020,0.08,0.08,0.1,0.1,0.12,0.12,0.14,0.14,0.16,0.16,755
5/19/2020,0.09,0.09,0.11,0.11,0.13,0.13,0.15,0.15,0.16,0.16,756
5/18/2020,0.1,0.1,0.11,0.11,0.13,0.13,0.15,0.15,0.17,0.17,757
5/15/2020,0.09,0.09,0.09,0.09,0.12,0.12,0.15,0.15,0.15,0.15,758
5/14/2020,0.09,0.09,0.1,0.1,0.12,0.12,0.15,0.15,0.15,0.15,759
5/13/2020,0.1,0.1,0.1,0.1,0.13,0.13,0.15,0.15,0.15,0.15,760
5/12/2020,0.1,0.1,0.11,0.11,0.13,0.13,0.16,0.16,0.16,0.16,761
5/11/2020,0.09,0.09,0.11,0.11,0.12,0.12,0.16,0.16,0.16,0.16,762
5/8/2020,0.1,0.1,0.11,0.11,0.12,0.12,0.15,0.15,0.15,0.15,763
5/7/2020,0.1,0.1,0.11,0.11,0.11,0.11,0.14,0.14,0.15,0.15,764
5/6/2020,0.08,0.08,0.1,0.1,0.12,0.12,0.16,0.16,0.16,0.16,765
5/5/2020,0.09,0.09,0.11,0.11,0.13,0.13,0.15,0.15,0.16,0.16,766
5/4/2020,0.1,0.1,0.1,0.1,0.13,0.13,0.14,0.14,0.16,0.16,767
5/1/2020,0.1,0.1,0.11,0.11,0.12,0.12,0.12,0.12,0.17,0.17,768
4/30/2020,0.1,0.1,0.1,0.1,0.09,0.09,0.11,0.11,0.16,0.16,769
4/29/2020,0.1,0.1,0.09,0.09,0.1,0.1,0.12,0.12,0.18,0.18,770
4/28/2020,0.08,0.08,0.09,0.09,0.11,0.11,0.13,0.13,0.16,0.16,771
4/27/2020,0.09,0.09,0.13,0.13,0.12,0.12,0.15,0.15,0.17,0.17,772
4/24/2020,0.1,0.1,0.11,0.11,0.12,0.12,0.14,0.14,0.18,0.18,773
4/23/2020,0.09,0.09,0.12,0.12,0.11,0.11,0.14,0.14,0.17,0.17,774
4/22/2020,0.09,0.09,0.09,0.09,0.12,0.12,0.14,0.14,0.16,0.16,775
4/21/2020,0.08,0.08,0.08,0.08,0.11,0.11,0.14,0.14,0.17,0.17,776
4/20/2020,0.1,0.1,0.1,0.1,0.12,0.12,0.15,0.15,0.15,0.15,777
4/17/2020,0.12,0.12,0.12,0.12,0.12,0.12,0.16,0.16,0.16,0.16,778
4/16/2020,0.14,0.14,0.15,0.15,0.14,0.14,0.18,0.18,0.17,0.17,779
4/15/2020,0.13,0.13,0.15,0.15,0.14,0.14,0.19,0.19,0.19,0.19,780
4/14/2020,0.17,0.17,0.18,0.18,0.2,0.2,0.24,0.24,0.25,0.25,781
4/13/2020,0.16,0.16,0.29,0.29,0.26,0.26,0.27,0.27,0.27,0.27,782
4/9/2020,0.2,0.2,0.27,0.27,0.25,0.25,0.24,0.24,0.25,0.25,783
4/8/2020,0.14,0.14,0.16,0.16,0.22,0.22,0.24,0.24,0.23,0.23,784
4/7/2020,0.09,0.09,0.13,0.13,0.14,0.14,0.2,0.2,0.19,0.19,785
4/6/2020,0.09,0.09,0.13,0.13,0.15,0.15,0.17,0.17,0.19,0.19,786
4/3/2020,0.09,0.09,0.11,0.11,0.1,0.1,0.15,0.15,0.15,0.15,787
4/2/2020,0.09,0.09,0.1,0.1,0.09,0.09,0.15,0.15,0.14,0.14,788
4/1/2020,0.03,0.03,0.06,0.06,0.09,0.09,0.14,0.14,0.16,0.16,789
3/31/2020,0.04,0.04,0.12,0.12,0.11,0.11,0.15,0.15,0.17,0.17,790
3/30/2020,0.04,0.04,0.06,0.06,0.12,0.12,0.12,0.12,0.14,0.14,791
3/27/2020,0.01,0.01,0.03,0.03,0.03,0.03,0.02,0.02,0.11,0.11,792
3/26/2020,0.01,0.01,0.01,0.01,-0.05,-0.05,0.04,0.04,0.13,0.13,793
3/25/2020,-0.04,-0.04,-0.03,-0.03,-0.04,-0.04,0.07,0.07,0.19,0.19,794
3/24/2020,0.01,0.01,0.01,0.01,0.01,0.01,0.09,0.09,0.25,0.25,795
3/23/2020,0.01,0.01,0.04,0.04,0.02,0.02,0.08,0.08,0.16,0.16,796
3/20/2020,0.04,0.04,0.05,0.05,0.05,0.05,0.05,0.05,0.13,0.13,797
3/19/2020,0.04,0.04,0.04,0.04,0.04,0.04,0.06,0.06,0.18,0.18,798
3/18/2020,0.04,0.04,0.03,0.03,0.02,0.02,0.08,0.08,0.19,0.19,799
3/17/2020,0.11,0.11,0.18,0.18,0.19,0.19,0.24,0.24,0.29,0.3,800
3/16/2020,0.25,0.25,0.25,0.25,0.24,0.24,0.29,0.29,0.28,0.29,801
3/13/2020,0.33,0.33,0.3,0.3,0.27,0.27,0.37,0.38,0.37,0.38,802
3/12/2020,0.4,0.41,0.33,0.33,0.33,0.33,0.36,0.37,0.38,0.39,803
3/11/2020,0.41,0.42,0.42,0.43,0.41,0.42,0.39,0.4,0.39,0.4,804
3/10/2020,0.56,0.57,0.55,0.56,0.43,0.44,0.42,0.43,0.42,0.43,805
3/9/2020,0.56,0.57,0.53,0.54,0.32,0.32,0.27,0.27,0.3,0.31,806
3/6/2020,0.78,0.79,0.64,0.65,0.45,0.46,0.4,0.41,0.38,0.39,807
3/5/2020,0.91,0.92,0.82,0.83,0.61,0.62,0.52,0.53,0.47,0.48,808
3/4/2020,1,1.01,0.89,0.9,0.71,0.72,0.67,0.68,0.58,0.59,809
3/3/2020,1.1,1.12,1.05,1.07,0.93,0.95,0.82,0.83,0.71,0.73,810
3/2/2020,1.4,1.42,1.27,1.29,1.1,1.12,0.93,0.95,0.87,0.89,811
2/28/2020,1.43,1.45,1.35,1.37,1.25,1.27,1.09,1.11,0.95,0.97,812
2/27/2020,1.54,1.56,1.5,1.52,1.42,1.45,1.3,1.33,1.15,1.18,813
2/26/2020,1.56,1.59,1.54,1.57,1.5,1.53,1.39,1.42,1.23,1.26,814
2/25/2020,1.56,1.59,1.55,1.58,1.5,1.53,1.43,1.46,1.27,1.3,815
2/24/2020,1.57,1.6,1.56,1.59,1.5,1.53,1.45,1.49,1.33,1.36,816
2/21/2020,1.57,1.6,1.57,1.6,1.53,1.56,1.49,1.53,1.4,1.44,817
2/20/2020,1.58,1.61,1.57,1.6,1.55,1.58,1.51,1.55,1.43,1.47,818
2/19/2020,1.58,1.61,1.58,1.61,1.55,1.58,1.52,1.56,1.44,1.48,819
2/18/2020,1.58,1.61,1.57,1.6,1.55,1.58,1.52,1.56,1.44,1.48,820
2/14/2020,1.57,1.6,1.57,1.6,1.55,1.58,1.52,1.56,1.45,1.49,821
2/13/2020,1.56,1.59,1.56,1.59,1.56,1.59,1.52,1.56,1.45,1.49,822
2/12/2020,1.54,1.57,1.56,1.59,1.55,1.58,1.52,1.56,1.45,1.49,823
2/11/2020,1.54,1.57,1.55,1.58,1.54,1.57,1.51,1.55,1.44,1.48,824
2/10/2020,1.55,1.58,1.55,1.58,1.55,1.58,1.54,1.58,1.42,1.46,825
2/7/2020,1.54,1.57,1.55,1.58,1.53,1.56,1.53,1.57,1.45,1.49,826
2/6/2020,1.56,1.59,1.56,1.59,1.54,1.57,1.54,1.58,1.47,1.51,827
2/5/2020,1.52,1.55,1.53,1.56,1.54,1.57,1.53,1.57,1.45,1.49,828
2/4/2020,1.52,1.55,1.54,1.57,1.54,1.57,1.53,1.57,1.44,1.48,829
2/3/2020,1.53,1.56,1.54,1.57,1.54,1.57,1.52,1.56,1.42,1.46,830
1/31/2020,1.53,1.56,1.54,1.57,1.52,1.55,1.5,1.54,1.41,1.45,831
1/30/2020,1.56,1.59,1.55,1.58,1.54,1.57,1.53,1.57,1.44,1.48,832
1/29/2020,1.49,1.52,1.52,1.55,1.53,1.56,1.53,1.57,1.47,1.51,833
1/28/2020,1.5,1.53,1.54,1.57,1.54,1.57,1.54,1.58,1.49,1.53,834
1/27/2020,1.5,1.53,1.52,1.55,1.52,1.55,1.53,1.57,1.5,1.54,835
1/24/2020,1.51,1.54,1.52,1.55,1.51,1.54,1.51,1.55,1.51,1.55,836
1/23/2020,1.52,1.55,1.54,1.57,1.52,1.55,1.52,1.56,1.51,1.55,837
1/22/2020,1.49,1.52,1.5,1.53,1.52,1.55,1.52,1.56,1.51,1.55,838
1/21/2020,1.49,1.52,1.51,1.54,1.53,1.56,1.53,1.57,1.5,1.54,839
1/17/2020,1.51,1.54,1.53,1.56,1.53,1.56,1.53,1.57,1.52,1.56,840
1/16/2020,1.51,1.54,1.53,1.56,1.52,1.55,1.52,1.56,1.5,1.54,841
1/15/2020,1.5,1.53,1.53,1.56,1.54,1.57,1.54,1.58,1.5,1.54,842
1/14/2020,1.5,1.53,1.53,1.56,1.54,1.57,1.53,1.57,1.49,1.53,843
1/13/2020,1.51,1.54,1.53,1.56,1.54,1.57,1.53,1.57,1.49,1.53,844
1/10/2020,1.49,1.52,1.52,1.55,1.51,1.54,1.51,1.55,1.49,1.53,845
1/9/2020,1.5,1.53,1.52,1.55,1.51,1.54,1.52,1.56,1.5,1.54,846
1/8/2020,1.47,1.5,1.5,1.53,1.51,1.54,1.52,1.56,1.51,1.55,847
1/7/2020,1.49,1.52,1.5,1.53,1.51,1.54,1.52,1.56,1.49,1.53,848
1/6/2020,1.51,1.54,1.51,1.54,1.53,1.56,1.52,1.56,1.5,1.54,849
1/3/2020,1.49,1.52,1.52,1.55,1.49,1.52,1.51,1.55,1.51,1.55,850
1/2/2020,1.5,1.53,1.52,1.55,1.51,1.54,1.53,1.57,1.52,1.56,851
12/31/2019,1.45,1.48,1.48,1.51,1.52,1.55,1.56,1.6,1.55,1.59,852
12/30/2019,1.48,1.51,1.5,1.53,1.54,1.57,1.56,1.6,1.53,1.57,853
12/27/2019,1.53,1.56,1.53,1.56,1.54,1.57,1.55,1.59,1.47,1.51,854
12/26/2019,1.56,1.59,1.57,1.6,1.55,1.58,1.57,1.61,1.49,1.53,855
12/24/2019,1.52,1.55,1.55,1.58,1.55,1.58,1.57,1.61,1.49,1.53,856
12/23/2019,1.54,1.57,1.54,1.57,1.56,1.59,1.56,1.6,1.49,1.53,857
12/20/2019,1.54,1.57,1.56,1.59,1.55,1.58,1.54,1.58,1.48,1.52,858
12/19/2019,1.51,1.54,1.55,1.58,1.54,1.57,1.53,1.57,1.48,1.52,859
12/18/2019,1.53,1.56,1.54,1.57,1.53,1.56,1.54,1.58,1.5,1.54,860
12/17/2019,1.53,1.56,1.53,1.56,1.53,1.56,1.54,1.58,1.49,1.53,861
12/16/2019,1.54,1.57,1.54,1.57,1.54,1.57,1.54,1.58,1.5,1.54,862
12/13/2019,1.52,1.55,1.54,1.57,1.54,1.57,1.52,1.56,1.49,1.53,863
12/12/2019,1.54,1.57,1.54,1.57,1.53,1.56,1.53,1.57,1.51,1.55,864
12/11/2019,1.51,1.54,1.53,1.56,1.54,1.57,1.54,1.58,1.51,1.55,865
12/10/2019,1.5,1.53,1.52,1.55,1.53,1.56,1.53,1.57,1.52,1.56,866
12/9/2019,1.51,1.54,1.51,1.54,1.51,1.54,1.54,1.58,1.52,1.56,867
12/6/2019,1.49,1.52,1.52,1.55,1.5,1.53,1.52,1.56,1.53,1.57,868
12/5/2019,1.49,1.52,1.53,1.56,1.51,1.54,1.51,1.55,1.52,1.56,869
12/4/2019,1.58,1.61,1.51,1.54,1.52,1.55,1.52,1.56,1.52,1.56,870
12/3/2019,1.54,1.57,1.51,1.54,1.54,1.57,1.53,1.57,1.53,1.57,871
12/2/2019,1.58,1.61,1.55,1.58,1.57,1.6,1.58,1.62,1.56,1.6,872
11/29/2019,1.59,1.62,1.57,1.6,1.56,1.59,1.59,1.63,1.56,1.6,873
11/27/2019,1.62,1.65,1.57,1.6,1.59,1.62,1.59,1.63,1.56,1.6,874
11/26/2019,1.6,1.63,1.58,1.61,1.57,1.6,1.58,1.62,1.55,1.59,875
11/25/2019,1.57,1.6,1.57,1.6,1.58,1.61,1.57,1.61,1.54,1.58,876
11/22/2019,1.55,1.58,1.56,1.59,1.55,1.58,1.55,1.59,1.52,1.56,877
11/21/2019,1.54,1.57,1.54,1.57,1.55,1.58,1.55,1.59,1.51,1.55,878
11/20/2019,1.54,1.57,1.53,1.56,1.54,1.57,1.54,1.58,1.5,1.54,879
11/19/2019,1.55,1.58,1.54,1.57,1.54,1.57,1.54,1.58,1.5,1.54,880
11/18/2019,1.56,1.59,1.54,1.57,1.54,1.57,1.54,1.58,1.5,1.54,881
11/15/2019,1.56,1.59,1.53,1.56,1.54,1.57,1.55,1.59,1.5,1.54,882
11/14/2019,1.56,1.59,1.54,1.57,1.54,1.57,1.54,1.58,1.51,1.55,883
11/13/2019,1.53,1.56,1.54,1.57,1.54,1.57,1.55,1.59,1.53,1.57,884
11/12/2019,1.53,1.56,1.53,1.56,1.56,1.59,1.55,1.59,1.54,1.58,885
11/8/2019,1.53,1.56,1.53,1.56,1.52,1.55,1.54,1.58,1.54,1.58,886
11/7/2019,1.54,1.57,1.54,1.57,1.53,1.56,1.54,1.58,1.54,1.58,887
11/6/2019,1.52,1.55,1.53,1.56,1.53,1.56,1.53,1.57,1.54,1.58,888
11/5/2019,1.53,1.56,1.54,1.57,1.53,1.56,1.54,1.58,1.57,1.62,889
11/4/2019,1.55,1.58,1.54,1.57,1.5,1.53,1.53,1.57,1.52,1.56,890
11/1/2019,1.55,1.58,1.55,1.58,1.49,1.52,1.51,1.55,1.49,1.53,891
10/31/2019,1.56,1.59,1.56,1.59,1.51,1.54,1.53,1.57,1.49,1.53,892
10/30/2019,1.59,1.62,1.57,1.6,1.59,1.62,1.58,1.62,1.55,1.59,893
10/29/2019,1.63,1.66,1.64,1.67,1.6,1.63,1.6,1.64,1.55,1.59,894
10/28/2019,1.71,1.74,1.68,1.71,1.62,1.65,1.61,1.65,1.56,1.6,895
10/25/2019,1.7,1.73,1.69,1.72,1.63,1.66,1.62,1.66,1.56,1.6,896
10/24/2019,1.72,1.75,1.7,1.73,1.64,1.67,1.61,1.65,1.55,1.59,897
10/23/2019,1.72,1.75,1.67,1.7,1.62,1.65,1.6,1.64,1.54,1.58,898
10/22/2019,1.73,1.76,1.67,1.7,1.62,1.65,1.6,1.64,1.55,1.59,899
10/21/2019,1.73,1.76,1.67,1.7,1.64,1.67,1.61,1.65,1.55,1.59,900
10/18/2019,1.72,1.75,1.66,1.69,1.63,1.66,1.59,1.63,1.54,1.58,901
10/17/2019,1.71,1.74,1.67,1.7,1.63,1.66,1.59,1.63,1.55,1.59,902
10/16/2019,1.69,1.72,1.65,1.68,1.63,1.66,1.6,1.64,1.55,1.59,903
10/15/2019,1.71,1.74,1.69,1.72,1.64,1.67,1.63,1.67,1.6,1.65,904
10/11/2019,1.73,1.76,1.71,1.74,1.65,1.68,1.64,1.68,1.62,1.67,905
10/10/2019,1.71,1.74,1.68,1.71,1.65,1.68,1.64,1.68,1.58,1.63,906
10/9/2019,1.66,1.69,1.67,1.7,1.66,1.69,1.65,1.69,1.55,1.59,907
10/8/2019,1.65,1.68,1.69,1.72,1.68,1.72,1.65,1.69,1.57,1.62,908
10/7/2019,1.73,1.76,1.73,1.76,1.71,1.75,1.69,1.73,1.61,1.66,909
10/4/2019,1.7,1.73,1.71,1.74,1.68,1.71,1.61,1.65,1.55,1.59,910
10/3/2019,1.75,1.78,1.72,1.75,1.67,1.7,1.62,1.66,1.55,1.59,911
10/2/2019,1.72,1.75,1.71,1.74,1.75,1.79,1.71,1.75,1.63,1.68,912
10/1/2019,1.76,1.79,1.73,1.76,1.78,1.82,1.76,1.81,1.69,1.74,913
9/30/2019,1.88,1.91,1.83,1.87,1.84,1.88,1.78,1.83,1.71,1.76,914
9/27/2019,1.87,1.9,1.83,1.87,1.76,1.8,1.8,1.85,1.7,1.75,915
9/26/2019,1.88,1.91,1.86,1.9,1.79,1.83,1.83,1.88,1.74,1.79,916
9/25/2019,1.76,1.79,1.82,1.86,1.85,1.89,1.85,1.9,1.77,1.82,917
9/24/2019,1.87,1.9,1.86,1.9,1.88,1.92,1.86,1.91,1.74,1.79,918
9/23/2019,1.91,1.94,1.9,1.94,1.9,1.94,1.88,1.93,1.76,1.81,919
9/20/2019,1.92,1.95,1.9,1.94,1.87,1.91,1.86,1.91,1.79,1.84,920
9/19/2019,1.97,2.01,1.95,1.99,1.89,1.93,1.87,1.92,1.83,1.89,921
9/18/2019,1.91,1.94,1.89,1.93,1.91,1.95,1.86,1.91,1.82,1.88,922
9/17/2019,2.06,2.1,2.03,2.07,1.95,1.99,1.88,1.93,1.82,1.88,923
9/16/2019,2.05,2.09,1.98,2.02,1.95,1.99,1.88,1.93,1.81,1.87,924
9/13/2019,1.95,1.99,1.94,1.98,1.92,1.96,1.87,1.92,1.82,1.88,925
9/12/2019,1.95,1.99,1.93,1.97,1.91,1.95,1.85,1.9,1.77,1.82,926
9/11/2019,1.98,2.02,1.94,1.98,1.92,1.96,1.83,1.88,1.74,1.79,927
9/10/2019,2.01,2.05,1.96,2,1.91,1.95,1.84,1.89,1.76,1.81,928
9/9/2019,2.01,2.05,1.96,2,1.92,1.96,1.82,1.87,1.71,1.76,929
9/6/2019,2.01,2.05,1.96,2,1.92,1.96,1.83,1.88,1.7,1.75,930
9/5/2019,2.01,2.05,1.97,2.01,1.93,1.97,1.83,1.88,1.7,1.75,931
9/4/2019,2.01,2.05,1.99,2.03,1.93,1.97,1.82,1.87,1.66,1.71,932
9/3/2019,2.03,2.07,1.98,2.02,1.94,1.98,1.83,1.88,1.69,1.74,933
8/30/2019,2.06,2.1,2,2.04,1.95,1.99,1.84,1.89,1.72,1.77,934
8/29/2019,2.06,2.1,1.99,2.03,1.95,1.99,1.84,1.89,1.71,1.76,935
8/28/2019,2.03,2.07,2.01,2.05,1.95,1.99,1.84,1.89,1.7,1.75,936
8/27/2019,2.04,2.08,2,2.04,1.94,1.98,1.89,1.94,1.73,1.78,937
8/26/2019,2.06,2.1,1.99,2.03,1.96,2,1.85,1.9,1.71,1.76,938
8/23/2019,2.03,2.07,1.98,2.02,1.93,1.97,1.83,1.88,1.69,1.74,939
8/22/2019,2.06,2.1,1.98,2.02,1.96,2,1.86,1.91,1.74,1.79,940
8/21/2019,2.01,2.05,1.94,1.98,1.93,1.97,1.85,1.9,1.72,1.77,941
8/20/2019,2.03,2.07,1.92,1.96,1.9,1.94,1.84,1.89,1.68,1.73,942
8/19/2019,2.03,2.07,1.93,1.97,1.9,1.94,1.85,1.9,1.7,1.75,943
8/16/2019,2.01,2.05,1.92,1.96,1.83,1.87,1.8,1.85,1.66,1.71,944
8/15/2019,2.04,2.08,1.93,1.97,1.87,1.91,1.81,1.86,1.67,1.72,945
8/14/2019,1.95,1.99,1.94,1.98,1.92,1.96,1.87,1.92,1.74,1.79,946
8/13/2019,2.01,2.05,2,2.04,1.96,2,1.91,1.96,1.8,1.86,947
8/12/2019,2.05,2.09,2.03,2.07,1.96,2,1.89,1.94,1.72,1.77,948
8/9/2019,2.01,2.05,2.02,2.06,1.96,2,1.9,1.95,1.74,1.79,949
8/8/2019,2.05,2.09,2.03,2.07,1.98,2.02,1.91,1.96,1.75,1.8,950
8/7/2019,1.98,2.02,2,2.04,1.98,2.02,1.9,1.95,1.72,1.77,951
8/6/2019,2.01,2.05,2.04,2.08,2.01,2.05,1.95,2,1.76,1.81,952
8/5/2019,2.03,2.07,2.04,2.08,2,2.04,1.94,1.99,1.74,1.79,953
8/2/2019,2.07,2.11,2.08,2.12,2.02,2.06,1.97,2.02,1.81,1.86,954
8/1/2019,2.07,2.11,2.1,2.14,2.03,2.07,1.99,2.04,1.83,1.89,955
7/31/2019,1.96,2,2.02,2.06,2.04,2.08,2.04,2.1,1.94,2,956
7/30/2019,2.03,2.07,2.06,2.1,2.04,2.08,2.02,2.07,1.92,1.98,957
7/29/2019,2.08,2.12,2.12,2.16,2.07,2.12,2.04,2.1,1.93,1.99,958
7/26/2019,2.09,2.13,2.11,2.15,2.08,2.13,2.05,2.11,1.94,2,959
7/25/2019,2.12,2.16,2.13,2.17,2.06,2.11,2.03,2.09,1.93,1.99,960
7/24/2019,2.05,2.09,2.1,2.14,2.05,2.1,2.03,2.09,1.92,1.98,961
7/23/2019,2.07,2.11,2.12,2.16,2.02,2.06,2.03,2.09,1.91,1.97,962
7/22/2019,2.09,2.13,2.12,2.16,2.04,2.08,2.02,2.07,1.89,1.95,963
7/19/2019,2.07,2.11,2.12,2.16,2.02,2.06,1.98,2.03,1.88,1.94,964
7/18/2019,2.07,2.11,2.08,2.12,2.01,2.05,1.96,2.01,1.84,1.9,965
7/17/2019,2.09,2.13,2.1,2.14,2.09,2.14,1.99,2.04,1.89,1.95,966
7/16/2019,2.12,2.16,2.13,2.17,2.1,2.15,2.01,2.06,1.94,2,967
7/15/2019,2.13,2.17,2.15,2.19,2.11,2.16,2,2.05,1.9,1.96,968
7/12/2019,2.12,2.16,2.14,2.18,2.1,2.15,2.02,2.07,1.91,1.97,969
7/11/2019,2.13,2.17,2.13,2.17,2.12,2.17,2.03,2.09,1.92,1.98,970
7/10/2019,2.14,2.18,2.13,2.17,2.15,2.2,2.02,2.07,1.88,1.94,971
7/9/2019,2.18,2.22,2.19,2.23,2.21,2.26,2.09,2.15,1.95,2.01,972
7/8/2019,2.19,2.23,2.19,2.23,2.21,2.26,2.08,2.14,1.94,2,973
7/5/2019,2.22,2.26,2.18,2.22,2.18,2.23,2.09,2.15,1.93,1.99,974
7/3/2019,2.21,2.25,2.16,2.2,2.16,2.21,2.03,2.09,1.86,1.92,975
7/2/2019,2.18,2.22,2.13,2.17,2.15,2.2,2.03,2.09,1.86,1.92,976
7/1/2019,2.13,2.17,2.11,2.15,2.16,2.21,2.04,2.1,1.89,1.95,977
6/28/2019,2.14,2.18,2.11,2.15,2.08,2.13,2.04,2.1,1.87,1.93,978
6/27/2019,2.15,2.19,2.11,2.15,2.09,2.14,2.06,2.12,1.88,1.94,979
6/26/2019,2.07,2.11,2.08,2.12,2.1,2.15,2.06,2.12,1.91,1.97,980
6/25/2019,2.07,2.11,2.08,2.12,2.07,2.12,2.04,2.1,1.88,1.94,981
6/24/2019,2.08,2.12,2.09,2.13,2.08,2.13,2.04,2.1,1.87,1.93,982
6/21/2019,2.12,2.16,2.12,2.16,2.07,2.12,2,2.05,1.89,1.95,983
6/20/2019,2.13,2.17,2.11,2.15,2.09,2.14,1.99,2.04,1.85,1.91,984
6/19/2019,2.1,2.14,2.13,2.17,2.13,2.18,2.05,2.11,1.9,1.96,985
6/18/2019,2.14,2.18,2.15,2.19,2.17,2.22,2.14,2.2,1.98,2.04,986
6/17/2019,2.18,2.22,2.17,2.21,2.18,2.23,2.14,2.2,1.99,2.05,987
6/14/2019,2.19,2.23,2.17,2.21,2.15,2.2,2.12,2.18,1.95,2.01,988
6/13/2019,2.2,2.24,2.19,2.23,2.14,2.19,2.12,2.18,1.95,2.01,989
6/12/2019,2.15,2.19,2.17,2.21,2.19,2.24,2.14,2.2,1.97,2.03,990
6/11/2019,2.23,2.27,2.22,2.26,2.22,2.27,2.15,2.21,2,2.06,991
6/10/2019,2.26,2.3,2.26,2.31,2.24,2.29,2.15,2.21,1.98,2.04,992
6/7/2019,2.26,2.3,2.28,2.33,2.23,2.28,2.1,2.16,1.92,1.98,993
6/6/2019,2.28,2.32,2.3,2.35,2.28,2.33,2.16,2.22,1.97,2.03,994
6/5/2019,2.26,2.3,2.3,2.35,2.3,2.35,2.19,2.25,1.99,2.05,995
6/4/2019,2.3,2.34,2.31,2.36,2.3,2.35,2.23,2.29,2.06,2.13,996
6/3/2019,2.32,2.36,2.31,2.36,2.3,2.35,2.24,2.3,2.06,2.13,997
5/31/2019,2.31,2.35,2.33,2.38,2.3,2.35,2.29,2.35,2.15,2.22,998
5/30/2019,2.33,2.37,2.33,2.38,2.33,2.38,2.33,2.4,2.22,2.29,999
5/29/2019,2.31,2.35,2.31,2.36,2.32,2.37,2.31,2.38,2.23,2.31,1000
5/28/2019,2.31,2.35,2.31,2.36,2.32,2.37,2.31,2.38,2.24,2.32,1001
5/24/2019,2.33,2.37,2.33,2.38,2.3,2.35,2.32,2.39,2.25,2.33,1002
5/23/2019,2.34,2.38,2.33,2.38,2.32,2.37,2.33,2.4,2.24,2.32,1003
5/22/2019,2.32,2.36,2.32,2.37,2.33,2.38,2.34,2.41,2.29,2.37,1004
5/21/2019,2.33,2.37,2.33,2.38,2.34,2.39,2.35,2.42,2.28,2.36,1005
5/20/2019,2.35,2.39,2.34,2.39,2.34,2.39,2.35,2.42,2.27,2.35,1006
5/17/2019,2.35,2.39,2.35,2.4,2.34,2.39,2.35,2.42,2.26,2.34,1007
5/16/2019,2.36,2.4,2.36,2.41,2.35,2.4,2.36,2.43,2.26,2.34,1008
5/15/2019,2.36,2.4,2.36,2.41,2.37,2.42,2.36,2.43,2.24,2.31,1009
5/14/2019,2.37,2.41,2.37,2.42,2.36,2.41,2.36,2.43,2.25,2.33,1010
5/13/2019,2.37,2.41,2.37,2.42,2.36,2.41,2.35,2.42,2.25,2.33,1011
5/10/2019,2.38,2.42,2.38,2.43,2.38,2.43,2.38,2.45,2.29,2.37,1012
5/9/2019,2.39,2.43,2.38,2.43,2.38,2.43,2.39,2.46,2.29,2.37,1013
5/8/2019,2.38,2.42,2.38,2.43,2.38,2.43,2.38,2.45,2.3,2.38,1014
5/7/2019,2.39,2.43,2.39,2.44,2.38,2.43,2.39,2.46,2.3,2.38,1015
5/6/2019,2.39,2.43,2.39,2.44,2.39,2.44,2.39,2.46,2.31,2.39,1016
5/3/2019,2.38,2.42,2.39,2.44,2.38,2.43,2.39,2.46,2.33,2.41,1017
5/2/2019,2.4,2.44,2.41,2.46,2.41,2.47,2.39,2.46,2.33,2.41,1018
5/1/2019,2.38,2.42,2.36,2.41,2.38,2.43,2.37,2.44,2.31,2.39,1019
4/30/2019,2.38,2.42,2.39,2.44,2.38,2.43,2.39,2.46,2.31,2.39,1020
4/29/2019,2.41,2.45,2.4,2.45,2.39,2.44,2.4,2.47,2.34,2.42,1021
4/26/2019,2.38,2.42,2.38,2.43,2.37,2.42,2.39,2.46,2.33,2.41,1022
4/25/2019,2.39,2.43,2.39,2.44,2.38,2.43,2.39,2.46,2.34,2.42,1023
4/24/2019,2.38,2.42,2.38,2.43,2.39,2.44,2.39,2.46,2.34,2.42,1024
4/23/2019,2.39,2.43,2.39,2.44,2.4,2.45,2.39,2.46,2.35,2.43,1025
4/22/2019,2.4,2.44,2.39,2.44,2.39,2.44,2.4,2.47,2.38,2.46,1026
4/18/2019,2.4,2.44,2.39,2.44,2.37,2.42,2.4,2.47,2.36,2.44,1027
4/17/2019,2.38,2.42,2.39,2.44,2.39,2.44,2.4,2.47,2.36,2.44,1028
4/16/2019,2.39,2.43,2.39,2.44,2.38,2.43,2.4,2.47,2.37,2.45,1029
4/15/2019,2.38,2.42,2.38,2.43,2.38,2.43,2.39,2.46,2.35,2.43,1030
4/12/2019,2.37,2.41,2.38,2.43,2.39,2.44,2.4,2.47,2.36,2.44,1031
4/11/2019,2.38,2.42,2.38,2.43,2.38,2.43,2.39,2.46,2.36,2.44,1032
4/10/2019,2.36,2.4,2.36,2.41,2.38,2.43,2.39,2.46,2.33,2.41,1033
4/9/2019,2.38,2.42,2.38,2.43,2.37,2.42,2.39,2.46,2.34,2.42,1034
4/8/2019,2.39,2.43,2.39,2.44,2.38,2.43,2.41,2.48,2.35,2.43,1035
4/5/2019,2.38,2.42,2.38,2.43,2.39,2.44,2.39,2.46,2.35,2.43,1036
4/4/2019,2.39,2.43,2.38,2.43,2.39,2.44,2.39,2.46,2.33,2.41,1037
4/3/2019,2.38,2.42,2.38,2.43,2.39,2.44,2.38,2.45,2.33,2.41,1038
4/2/2019,2.39,2.43,2.37,2.42,2.37,2.42,2.38,2.45,2.33,2.41,1039
4/1/2019,2.38,2.42,2.38,2.43,2.38,2.43,2.39,2.46,2.33,2.41,1040
3/29/2019,2.39,2.43,2.39,2.44,2.35,2.4,2.37,2.44,2.32,2.4,1041
3/28/2019,2.4,2.44,2.4,2.45,2.38,2.43,2.37,2.44,2.32,2.4,1042
3/27/2019,2.41,2.45,2.38,2.43,2.39,2.44,2.39,2.46,2.32,2.4,1043
3/26/2019,2.42,2.46,2.39,2.44,2.41,2.47,2.42,2.49,2.36,2.44,1044
3/25/2019,2.42,2.46,2.42,2.47,2.41,2.47,2.42,2.49,2.35,2.42,1045
3/22/2019,2.44,2.49,2.43,2.48,2.41,2.46,2.41,2.48,2.38,2.45,1046
3/21/2019,2.46,2.51,2.42,2.47,2.43,2.49,2.43,2.5,2.41,2.49,1047
3/20/2019,2.41,2.45,2.4,2.45,2.42,2.48,2.42,2.49,2.4,2.48,1048
3/19/2019,2.41,2.45,2.42,2.47,2.41,2.47,2.45,2.52,2.42,2.5,1049
3/18/2019,2.43,2.48,2.41,2.46,2.39,2.44,2.44,2.51,2.44,2.52,1050
3/15/2019,2.42,2.46,2.41,2.46,2.4,2.45,2.45,2.52,2.44,2.52,1051
3/14/2019,2.43,2.48,2.41,2.46,2.4,2.45,2.45,2.52,2.44,2.52,1052
3/13/2019,2.39,2.43,2.39,2.44,2.4,2.45,2.46,2.53,2.45,2.53,1053
3/12/2019,2.39,2.43,2.41,2.46,2.41,2.47,2.46,2.53,2.44,2.52,1054
3/11/2019,2.4,2.44,2.4,2.45,2.41,2.47,2.47,2.54,2.45,2.53,1055
3/8/2019,2.41,2.45,2.41,2.46,2.41,2.46,2.45,2.52,2.45,2.53,1056
3/7/2019,2.41,2.45,2.41,2.46,2.4,2.45,2.45,2.52,2.44,2.52,1057
3/6/2019,2.38,2.42,2.39,2.44,2.41,2.47,2.46,2.53,2.46,2.54,1058
3/5/2019,2.39,2.43,2.4,2.45,2.41,2.47,2.46,2.53,2.46,2.54,1059
3/4/2019,2.4,2.44,2.41,2.46,2.41,2.47,2.47,2.54,2.46,2.54,1060
3/1/2019,2.4,2.44,2.41,2.46,2.39,2.44,2.45,2.51,2.47,2.55,1061
2/28/2019,2.4,2.44,2.42,2.47,2.4,2.45,2.44,2.5,2.46,2.54,1062
2/27/2019,2.39,2.43,2.4,2.44,2.4,2.45,2.46,2.53,2.46,2.54,1063
2/26/2019,2.39,2.43,2.4,2.44,2.4,2.45,2.45,2.52,2.47,2.55,1064
2/25/2019,2.4,2.44,2.42,2.46,2.42,2.47,2.45,2.52,2.48,2.56,1065
2/22/2019,2.39,2.43,2.41,2.45,2.41,2.46,2.45,2.51,2.47,2.55,1066
2/21/2019,2.39,2.43,2.4,2.44,2.4,2.45,2.45,2.52,2.47,2.55,1067
2/20/2019,2.37,2.41,2.38,2.42,2.4,2.45,2.45,2.52,2.46,2.54,1068
2/19/2019,2.4,2.44,2.38,2.42,2.41,2.46,2.46,2.53,2.46,2.54,1069
2/15/2019,2.39,2.43,2.39,2.43,2.38,2.43,2.44,2.5,2.47,2.55,1070
2/14/2019,2.41,2.45,2.39,2.43,2.38,2.43,2.45,2.52,2.45,2.53,1071
2/13/2019,2.38,2.42,2.38,2.42,2.39,2.44,2.45,2.52,2.47,2.55,1072
2/12/2019,2.38,2.42,2.39,2.43,2.38,2.43,2.44,2.5,2.47,2.55,1073
2/11/2019,2.4,2.44,2.4,2.44,2.4,2.45,2.45,2.52,2.47,2.55,1074
2/8/2019,2.39,2.43,2.39,2.43,2.38,2.43,2.43,2.49,2.46,2.54,1075
2/7/2019,2.39,2.43,2.39,2.43,2.37,2.42,2.43,2.49,2.47,2.55,1076
2/6/2019,2.36,2.4,2.37,2.41,2.37,2.42,2.44,2.5,2.48,2.56,1077
2/5/2019,2.35,2.39,2.36,2.4,2.37,2.42,2.44,2.5,2.48,2.56,1078
2/4/2019,2.37,2.41,2.37,2.41,2.37,2.42,2.43,2.49,2.49,2.57,1079
2/1/2019,2.37,2.41,2.38,2.42,2.35,2.4,2.4,2.46,2.48,2.56,1080
1/31/2019,2.38,2.42,2.39,2.43,2.36,2.41,2.4,2.46,2.47,2.55,1081
1/30/2019,2.36,2.4,2.35,2.39,2.37,2.42,2.44,2.5,2.49,2.57,1082
1/29/2019,2.35,2.39,2.37,2.41,2.37,2.42,2.45,2.52,2.52,2.6,1083
1/28/2019,2.35,2.39,2.37,2.41,2.37,2.42,2.45,2.52,2.52,2.6,1084
1/25/2019,2.32,2.36,2.37,2.41,2.34,2.39,2.45,2.51,2.52,2.6,1085
1/24/2019,2.34,2.38,2.37,2.41,2.32,2.37,2.44,2.5,2.5,2.58,1086
1/23/2019,2.33,2.37,2.34,2.38,2.36,2.41,2.45,2.52,2.51,2.59,1087
1/22/2019,2.34,2.38,2.36,2.4,2.38,2.43,2.45,2.52,2.51,2.59,1088
1/18/2019,2.36,2.4,2.36,2.4,2.36,2.41,2.44,2.5,2.52,2.6,1089
1/17/2019,2.37,2.41,2.37,2.41,2.37,2.42,2.44,2.5,2.49,2.57,1090
1/16/2019,2.37,2.41,2.36,2.4,2.38,2.43,2.43,2.49,2.49,2.57,1091
1/15/2019,2.37,2.41,2.39,2.43,2.4,2.45,2.46,2.53,2.49,2.57,1092
1/14/2019,2.38,2.42,2.39,2.43,2.4,2.45,2.46,2.53,2.49,2.57,1093
1/11/2019,2.37,2.41,2.39,2.43,2.38,2.43,2.44,2.5,2.5,2.58,1094
1/10/2019,2.38,2.42,2.38,2.42,2.38,2.43,2.45,2.52,2.51,2.59,1095
1/9/2019,2.36,2.4,2.38,2.42,2.4,2.45,2.46,2.53,2.51,2.59,1096
1/8/2019,2.36,2.4,2.38,2.42,2.41,2.46,2.48,2.55,2.52,2.6,1097
1/7/2019,2.38,2.42,2.38,2.42,2.41,2.46,2.48,2.55,2.5,2.58,1098
1/4/2019,2.36,2.4,2.38,2.42,2.37,2.42,2.45,2.51,2.49,2.57,1099
1/3/2019,2.38,2.42,2.38,2.42,2.36,2.41,2.41,2.47,2.42,2.5,1100
1/2/2019,2.36,2.4,2.36,2.4,2.37,2.42,2.45,2.52,2.52,2.6,1101
